State,SourceName,Agency,TableType,Year,Description,DataType,URL,date_field,dataset_id,agency_field
Virginia,Virginia,MULTI,STOPS,MULTI,A data collection consisting of all traffic and investigatory stops made in Virginia as aggregated by Virginia Department of State Police,Socrata,data.virginia.gov,incident_date,2c96-texw,agency_name
Virginia,Fairfax County,Fairfax County,TRAFFIC WARNINGS,2019,Traffic Warnings issued by Fairfax County Police,ArcGIS,https://services9.arcgis.com/kYvfX7YK8OobHItA/arcgis/rest/services/WARNINGS_2019_LAYER/FeatureServer/0,actdate ,,
Virginia,Fairfax County,Fairfax County,TRAFFIC WARNINGS,2020,Traffic Warnings issued by Fairfax County Police,ArcGIS,https://services9.arcgis.com/kYvfX7YK8OobHItA/arcgis/rest/services/WARNINGS_2020_LAYER/FeatureServer/0,actdate ,,
Virginia,Fairfax County,Fairfax County,TRAFFIC CITATIONS,2019,Traffic Citations issued by Fairfax County Police,ArcGIS,https://services9.arcgis.com/kYvfX7YK8OobHItA/arcgis/rest/services/TICKETS_2019_LAYERS/FeatureServer/0,tc_date ,,
Virginia,Fairfax County,Fairfax County,TRAFFIC CITATIONS,2020,Traffic Citations issued by Fairfax County Police,ArcGIS,https://services9.arcgis.com/kYvfX7YK8OobHItA/arcgis/rest/services/TIKCETS_2020_LAYER/FeatureServer/0/query?outFields=*&where=1%3D1,tc_date ,,
Maryland,Montgomery County,Montgomery County,TRAFFIC STOPS,MULTI,This dataset contains traffic violation information from all electronic traffic violations issued in Montgomery County,Socrata,data.montgomerycountymd.gov,date_of_stop,4mse-ku6q,
Maryland,Montgomery County,Montgomery County,COMPLAINTS,MULTI,This dataset contains allegations brought to the attention of the Internal Affairs Division either through external complaints or internal complaint or recognition,Socrata,data.montgomerycountymd.gov,created_dt,usip-62e2,
Colorado,Denver,Denver,STOPS,MULTI,Police Pedestrian Stops and Vehicle Stops,ArcGIS,https://services1.arcgis.com/zdB7qR0BtYrg0Xpl/arcgis/rest/services/ODC_CRIME_STOPS_P/FeatureServer/32/,TIME_PHONEPICKUP,,
North Carolina,Charlotte-Mecklenburg,Charlotte-Mecklenburg,EMPLOYEE,NONE,CMPD Employee Demographics,ArcGIS,https://gis.charlottenc.gov/arcgis/rest/services/CMPD/CMPD/MapServer/16/,,,
California,California,MULTI,STOPS,2018,"RIPA Stop Data: Assembly Bill 953 (AB 953) requires each state and local agency in California that employs peace officers to annually report to the Attorney General data on all stops, as defined in Government Code section 12525.5(g)(2), conducted by the agency's peace officers.",CSV,https://data-openjustice.doj.ca.gov/sites/default/files/dataset/2020-01/RIPA%20Stop%20Data%202018.csv,DATE_OF_STOP,,AGENCY_NAME
California,California,MULTI,STOPS,2019,"RIPA Stop Data: Assembly Bill 953 (AB 953) requires each state and local agency in California that employs peace officers to annually report to the Attorney General data on all stops, as defined in Government Code section 12525.5(g)(2), conducted by the agency's peace officers.",CSV,https://data-openjustice.doj.ca.gov/sites/default/files/dataset/2021-01/RIPA%20Stop%20Data%202019.csv,DATE_OF_STOP,,AGENCY_NAME
California,California,MULTI,STOPS,2020,"RIPA Stop Data: Assembly Bill 953 (AB 953) requires each state and local agency in California that employs peace officers to annually report to the Attorney General data on all stops, as defined in Government Code section 12525.5(g)(2), conducted by the agency's peace officers.",CSV,https://data-openjustice.doj.ca.gov/sites/default/files/dataset/2021-12/RIPA%20Stop%20Data%202020.csv,DATE_OF_STOP,,AGENCY_NAME
California,California,MULTI,USE OF FORCE - INCIDENTS,2020,The Use of Force Incident Reporting incidents that result in serious bodily injury or death or involved the discharge of a firearm are reported annually from LEAs and other entities throughout the state that employ peace officers. The Use of Force Incident Reporting data is narrowly defined and does not represent the totality of use of force incidents that occur in California.,CSV,https://data-openjustice.doj.ca.gov/sites/default/files/dataset/2021-06/URSUS_Incident_2020.csv,INCIDENT_DATE_STR,,CITY
California,California,NONE,USE OF FORCE - CIVILIANS/OFFICERS,2020,The Use of Force Incident Reporting incidents that result in serious bodily injury or death or involved the discharge of a firearm are reported annually from LEAs and other entities throughout the state that employ peace officers. The Use of Force Incident Reporting data is narrowly defined and does not represent the totality of use of force incidents that occur in California.,CSV,https://data-openjustice.doj.ca.gov/sites/default/files/dataset/2021-06/URSUS_Civilian-Officer_2020.csv,,,
California,California,MULTI,USE OF FORCE - INCIDENTS,2019,The Use of Force Incident Reporting incidents that result in serious bodily injury or death or involved the discharge of a firearm are reported annually from LEAs and other entities throughout the state that employ peace officers. The Use of Force Incident Reporting data is narrowly defined and does not represent the totality of use of force incidents that occur in California.,CSV,https://data-openjustice.doj.ca.gov/sites/default/files/dataset/2020-07/URSUS_Incident_2019.csv,INCIDENT_DATE_STR,,CITY
California,California,NONE,USE OF FORCE - CIVILIANS/OFFICERS,2019,The Use of Force Incident Reporting incidents that result in serious bodily injury or death or involved the discharge of a firearm are reported annually from LEAs and other entities throughout the state that employ peace officers. The Use of Force Incident Reporting data is narrowly defined and does not represent the totality of use of force incidents that occur in California.,CSV,https://data-openjustice.doj.ca.gov/sites/default/files/dataset/2020-07/URSUS_Civilian-Officer_2019.csv,,,
California,California,MULTI,USE OF FORCE - INCIDENTS,2018,The Use of Force Incident Reporting incidents that result in serious bodily injury or death or involved the discharge of a firearm are reported annually from LEAs and other entities throughout the state that employ peace officers. The Use of Force Incident Reporting data is narrowly defined and does not represent the totality of use of force incidents that occur in California.,CSV,https://data-openjustice.doj.ca.gov/sites/default/files/dataset/2019-07/URSUS_Incident_2018.csv,INCIDENT_DATE_STR,,CITY
California,California,NONE,USE OF FORCE - CIVILIANS/OFFICERS,2018,The Use of Force Incident Reporting incidents that result in serious bodily injury or death or involved the discharge of a firearm are reported annually from LEAs and other entities throughout the state that employ peace officers. The Use of Force Incident Reporting data is narrowly defined and does not represent the totality of use of force incidents that occur in California.,CSV,https://data-openjustice.doj.ca.gov/sites/default/files/dataset/2019-07/URSUS_Civilian-Officer_2018.csv,,,
California,California,MULTI,USE OF FORCE - INCIDENTS,2017,The Use of Force Incident Reporting incidents that result in serious bodily injury or death or involved the discharge of a firearm are reported annually from LEAs and other entities throughout the state that employ peace officers. The Use of Force Incident Reporting data is narrowly defined and does not represent the totality of use of force incidents that occur in California.,CSV,https://data-openjustice.doj.ca.gov/sites/default/files/dataset/2018-08/URSUS_Incident_2017.csv,INCIDENT_DATE_STR,,CITY
California,California,NONE,USE OF FORCE - CIVILIANS/OFFICERS,2017,The Use of Force Incident Reporting incidents that result in serious bodily injury or death or involved the discharge of a firearm are reported annually from LEAs and other entities throughout the state that employ peace officers. The Use of Force Incident Reporting data is narrowly defined and does not represent the totality of use of force incidents that occur in California.,CSV,https://data-openjustice.doj.ca.gov/sites/default/files/dataset/2018-08/URSUS_Civilian-Officer_2017.csv,,,
California,California,MULTI,USE OF FORCE - INCIDENTS,2016,The Use of Force Incident Reporting incidents that result in serious bodily injury or death or involved the discharge of a firearm are reported annually from LEAs and other entities throughout the state that employ peace officers. The Use of Force Incident Reporting data is narrowly defined and does not represent the totality of use of force incidents that occur in California.,CSV,https://data-openjustice.doj.ca.gov/sites/default/files/dataset/2018-08/URSUS_Incident_2016.csv,Incident_Date_Str,,City
California,California,NONE,USE OF FORCE - CIVILIANS/OFFICERS,2016,The Use of Force Incident Reporting incidents that result in serious bodily injury or death or involved the discharge of a firearm are reported annually from LEAs and other entities throughout the state that employ peace officers. The Use of Force Incident Reporting data is narrowly defined and does not represent the totality of use of force incidents that occur in California.,CSV,https://data-openjustice.doj.ca.gov/sites/default/files/dataset/2018-08/URSUS_Civilian-Officer_2016.csv,,,
Arkansas,Little Rock,Little Rock,TRAFFIC STOPS,MULTI,Standardized stop data from the Stanford Open Policing Project,CSV,https://stacks.stanford.edu/file/druid:yg821jf8611/yg821jf8611_ar_little_rock_2020_04_01.csv.zip,date,,
Arizona,Gilbert,Gilbert,STOPS,MULTI,Standardized stop data from the Stanford Open Policing Project,CSV,https://stacks.stanford.edu/file/druid:yg821jf8611/yg821jf8611_az_gilbert_2020_04_01.csv.zip,date,,
Arizona,Mesa,Mesa,STOPS,MULTI,Standardized stop data from the Stanford Open Policing Project,CSV,https://stacks.stanford.edu/file/druid:yg821jf8611/yg821jf8611_az_mesa_2020_04_01.csv.zip,date,,
Arizona,State Patrol,State Patrol,STOPS,MULTI,Standardized stop data from the Stanford Open Policing Project,CSV,https://stacks.stanford.edu/file/druid:yg821jf8611/yg821jf8611_az_statewide_2020_04_01.csv.zip,date,,
California,Anaheim,Anaheim,TRAFFIC STOPS,MULTI,Standardized stop data from the Stanford Open Policing Project,CSV,https://stacks.stanford.edu/file/druid:yg821jf8611/yg821jf8611_ca_anaheim_2020_04_01.csv.zip,date,,
California,Bakersfield,Bakersfield,TRAFFIC STOPS,MULTI,Standardized stop data from the Stanford Open Policing Project,CSV,https://stacks.stanford.edu/file/druid:yg821jf8611/yg821jf8611_ca_bakersfield_2020_04_01.csv.zip,date,,
California,Long Beach,Long Beach,STOPS,MULTI,Standardized stop data from the Stanford Open Policing Project,CSV,https://stacks.stanford.edu/file/druid:yg821jf8611/yg821jf8611_ca_long_beach_2020_04_01.csv.zip,date,,
California,Los Angeles,Los Angeles,STOPS,MULTI,Standardized stop data from the Stanford Open Policing Project,CSV,https://stacks.stanford.edu/file/druid:yg821jf8611/yg821jf8611_ca_los_angeles_2020_04_01.csv.zip,date,,
California,Oakland,Oakland,STOPS,MULTI,Standardized stop data from the Stanford Open Policing Project,CSV,https://stacks.stanford.edu/file/druid:yg821jf8611/yg821jf8611_ca_oakland_2020_04_01.csv.zip,date,,
California,San Bernardino,San Bernardino,TRAFFIC STOPS,MULTI,Standardized stop data from the Stanford Open Policing Project,CSV,https://stacks.stanford.edu/file/druid:yg821jf8611/yg821jf8611_ca_san_bernardino_2020_04_01.csv.zip,date,,
California,San Diego,San Diego,TRAFFIC STOPS,MULTI,Standardized stop data from the Stanford Open Policing Project,CSV,https://stacks.stanford.edu/file/druid:yg821jf8611/yg821jf8611_ca_san_diego_2020_04_01.csv.zip,date,,
California,San Francisco,San Francisco,TRAFFIC STOPS,MULTI,Standardized stop data from the Stanford Open Policing Project,CSV,https://stacks.stanford.edu/file/druid:yg821jf8611/yg821jf8611_ca_san_francisco_2020_04_01.csv.zip,date,,
California,San Jose,San Jose,STOPS,MULTI,Standardized stop data from the Stanford Open Policing Project,CSV,https://stacks.stanford.edu/file/druid:yg821jf8611/yg821jf8611_ca_san_jose_2020_04_01.csv.zip,date,,
California,Santa Ana,Santa Ana,STOPS,MULTI,Standardized stop data from the Stanford Open Policing Project,CSV,https://stacks.stanford.edu/file/druid:yg821jf8611/yg821jf8611_ca_santa_ana_2020_04_01.csv.zip,date,,
California,State Patrol,State Patrol,TRAFFIC STOPS,MULTI,Standardized stop data from the Stanford Open Policing Project,CSV,https://stacks.stanford.edu/file/druid:yg821jf8611/yg821jf8611_ca_statewide_2020_04_01.csv.zip,date,,
California,Stockton,Stockton,TRAFFIC STOPS,MULTI,Standardized stop data from the Stanford Open Policing Project,CSV,https://stacks.stanford.edu/file/druid:yg821jf8611/yg821jf8611_ca_stockton_2020_04_01.csv.zip,date,,
Colorado,Aurora,Aurora,STOPS,MULTI,Standardized stop data from the Stanford Open Policing Project,CSV,https://stacks.stanford.edu/file/druid:yg821jf8611/yg821jf8611_co_aurora_2020_04_01.csv.zip,date,,
Colorado,State Patrol,State Patrol,TRAFFIC STOPS,MULTI,Standardized stop data from the Stanford Open Policing Project,CSV,https://stacks.stanford.edu/file/druid:yg821jf8611/yg821jf8611_co_statewide_2020_04_01.csv.zip,date,,
Connecticut,Hartford,Hartford,TRAFFIC STOPS,MULTI,Standardized stop data from the Stanford Open Policing Project,CSV,https://stacks.stanford.edu/file/druid:yg821jf8611/yg821jf8611_ct_hartford_2020_04_01.csv.zip,date,,
Connecticut,Connecticut,MULTI,TRAFFIC STOPS,MULTI,Standardized stop data from the Stanford Open Policing Project,CSV,https://stacks.stanford.edu/file/druid:yg821jf8611/yg821jf8611_ct_statewide_2020_04_01.csv.zip,date,,department_name
Florida,Saint Petersburg,Saint Petersburg,TRAFFIC STOPS,MULTI,Standardized stop data from the Stanford Open Policing Project,CSV,https://stacks.stanford.edu/file/druid:yg821jf8611/yg821jf8611_fl_saint_petersburg_2020_04_01.csv.zip,date,,
Florida,State Patrol,State Patrol,TRAFFIC STOPS,MULTI,Standardized stop data from the Stanford Open Policing Project,CSV,https://stacks.stanford.edu/file/druid:yg821jf8611/yg821jf8611_fl_statewide_2020_04_01.csv.zip,date,,
Florida,Tampa,Tampa,TRAFFIC STOPS,MULTI,Standardized stop data from the Stanford Open Policing Project,CSV,https://stacks.stanford.edu/file/druid:yg821jf8611/yg821jf8611_fl_tampa_2020_04_01.csv.zip,date,,
Georgia,State Patrol,State Patrol,TRAFFIC STOPS,MULTI,Standardized stop data from the Stanford Open Policing Project,CSV,https://stacks.stanford.edu/file/druid:yg821jf8611/yg821jf8611_ga_statewide_2020_04_01.csv.zip,date,,
Iowa,State Patrol,State Patrol,TRAFFIC STOPS,MULTI,Standardized stop data from the Stanford Open Policing Project,CSV,https://stacks.stanford.edu/file/druid:yg821jf8611/yg821jf8611_ia_statewide_2020_04_01.csv.zip,date,,
Idaho,Idaho Falls,Idaho Falls,STOPS,MULTI,Standardized stop data from the Stanford Open Policing Project,CSV,https://stacks.stanford.edu/file/druid:yg821jf8611/yg821jf8611_id_idaho_falls_2020_04_01.csv.zip,date,,
Illinois,Chicago,Chicago,STOPS,MULTI,Standardized stop data from the Stanford Open Policing Project,CSV,https://stacks.stanford.edu/file/druid:yg821jf8611/yg821jf8611_il_chicago_2020_04_01.csv.zip,date,,
Illinois,Illinois,MULTI,TRAFFIC STOPS,MULTI,Standardized stop data from the Stanford Open Policing Project,CSV,https://stacks.stanford.edu/file/druid:yg821jf8611/yg821jf8611_il_statewide_2020_04_01.csv.zip,date,,department_name
Indiana,Fort Wayne,Fort Wayne,TRAFFIC STOPS,MULTI,Standardized stop data from the Stanford Open Policing Project,CSV,https://stacks.stanford.edu/file/druid:yg821jf8611/yg821jf8611_in_fort_wayne_2020_04_01.csv.zip,date,,
Kansas,Wichita,Wichita,STOPS,MULTI,Standardized stop data from the Stanford Open Policing Project,CSV,https://stacks.stanford.edu/file/druid:yg821jf8611/yg821jf8611_ks_wichita_2020_04_01.csv.zip,date,,
Kentucky,Louisville,Louisville,TRAFFIC STOPS,MULTI,Standardized stop data from the Stanford Open Policing Project,CSV,https://stacks.stanford.edu/file/druid:yg821jf8611/yg821jf8611_ky_louisville_2020_04_01.csv.zip,date,,
Kentucky,Owensboro,Owensboro,STOPS,MULTI,Standardized stop data from the Stanford Open Policing Project,CSV,https://stacks.stanford.edu/file/druid:yg821jf8611/yg821jf8611_ky_owensboro_2020_04_01.csv.zip,date,,
Louisiana,New Orleans,New Orleans,STOPS,MULTI,Standardized stop data from the Stanford Open Policing Project,CSV,https://stacks.stanford.edu/file/druid:yg821jf8611/yg821jf8611_la_new_orleans_2020_04_01.csv.zip,date,,
Massachusetts,State Patrol,State Patrol,TRAFFIC STOPS,MULTI,Standardized stop data from the Stanford Open Policing Project,CSV,https://stacks.stanford.edu/file/druid:yg821jf8611/yg821jf8611_ma_statewide_2020_04_01.csv.zip,date,,
Maryland,Baltimore,Baltimore,STOPS,MULTI,Standardized stop data from the Stanford Open Policing Project,CSV,https://stacks.stanford.edu/file/druid:yg821jf8611/yg821jf8611_md_baltimore_2020_04_01.csv.zip,date,,
Maryland,Maryland,MULTI,TRAFFIC STOPS,MULTI,Standardized stop data from the Stanford Open Policing Project,CSV,https://stacks.stanford.edu/file/druid:yg821jf8611/yg821jf8611_md_statewide_2020_04_01.csv.zip,date,,department_name
Michigan,State Patrol,State Patrol,TRAFFIC STOPS,MULTI,Standardized stop data from the Stanford Open Policing Project,CSV,https://stacks.stanford.edu/file/druid:yg821jf8611/yg821jf8611_mi_statewide_2020_04_01.csv.zip,date,,
Minnesota,Saint Paul,Saint Paul,TRAFFIC STOPS,MULTI,Standardized stop data from the Stanford Open Policing Project,CSV,https://stacks.stanford.edu/file/druid:yg821jf8611/yg821jf8611_mn_saint_paul_2020_04_01.csv.zip,date,,
Missouri,Missouri,MULTI,TRAFFIC STOPS,MULTI,Standardized stop data from the Stanford Open Policing Project,CSV,https://stacks.stanford.edu/file/druid:yg821jf8611/yg821jf8611_mo_statewide_2020_04_01.csv.zip,date,,department_name
Mississippi,Mississippi,MULTI,TRAFFIC STOPS,MULTI,Standardized stop data from the Stanford Open Policing Project,CSV,https://stacks.stanford.edu/file/druid:yg821jf8611/yg821jf8611_ms_statewide_2020_04_01.csv.zip,date,,department_name
Montana,State Patrol,State Patrol,TRAFFIC STOPS,MULTI,Standardized stop data from the Stanford Open Policing Project,CSV,https://stacks.stanford.edu/file/druid:yg821jf8611/yg821jf8611_mt_statewide_2020_04_01.csv.zip,date,,
North Carolina,Charlotte,Charlotte,TRAFFIC STOPS,MULTI,Standardized stop data from the Stanford Open Policing Project,CSV,https://stacks.stanford.edu/file/druid:yg821jf8611/yg821jf8611_nc_charlotte_2020_04_01.csv.zip,date,,
North Carolina,Durham,Durham,TRAFFIC STOPS,MULTI,Standardized stop data from the Stanford Open Policing Project,CSV,https://stacks.stanford.edu/file/druid:yg821jf8611/yg821jf8611_nc_durham_2020_04_01.csv.zip,date,,
North Carolina,Fayetteville,Fayetteville,TRAFFIC STOPS,MULTI,Standardized stop data from the Stanford Open Policing Project,CSV,https://stacks.stanford.edu/file/druid:yg821jf8611/yg821jf8611_nc_fayetteville_2020_04_01.csv.zip,date,,
North Carolina,Greensboro,Greensboro,TRAFFIC STOPS,MULTI,Standardized stop data from the Stanford Open Policing Project,CSV,https://stacks.stanford.edu/file/druid:yg821jf8611/yg821jf8611_nc_greensboro_2020_04_01.csv.zip,date,,
North Carolina,Raleigh,Raleigh,TRAFFIC STOPS,MULTI,Standardized stop data from the Stanford Open Policing Project,CSV,https://stacks.stanford.edu/file/druid:yg821jf8611/yg821jf8611_nc_raleigh_2020_04_01.csv.zip,date,,
North Carolina,North Carolina,MULTI,TRAFFIC STOPS,MULTI,Standardized stop data from the Stanford Open Policing Project,CSV,https://stacks.stanford.edu/file/druid:yg821jf8611/yg821jf8611_nc_statewide_2020_04_01.csv.zip,date,,department_name
North Carolina,Winston-Salem,Winston-Salem,TRAFFIC STOPS,MULTI,Standardized stop data from the Stanford Open Policing Project,CSV,https://stacks.stanford.edu/file/druid:yg821jf8611/yg821jf8611_nc_winston-salem_2020_04_01.csv.zip,date,,
North Dakota,Grand Forks,Grand Forks,STOPS,MULTI,Standardized stop data from the Stanford Open Policing Project,CSV,https://stacks.stanford.edu/file/druid:yg821jf8611/yg821jf8611_nd_grand_forks_2020_04_01.csv.zip,date,,
North Dakota,State Patrol,State Patrol,TRAFFIC STOPS,MULTI,Standardized stop data from the Stanford Open Policing Project,CSV,https://stacks.stanford.edu/file/druid:yg821jf8611/yg821jf8611_nd_statewide_2020_04_01.csv.zip,date,,
Nebraska,State Patrol,State Patrol,TRAFFIC STOPS,MULTI,Standardized stop data from the Stanford Open Policing Project,CSV,https://stacks.stanford.edu/file/druid:yg821jf8611/yg821jf8611_ne_statewide_2020_04_01.csv.zip,date,,
New Hampshire,State Patrol,State Patrol,TRAFFIC STOPS,MULTI,Standardized stop data from the Stanford Open Policing Project,CSV,https://stacks.stanford.edu/file/druid:yg821jf8611/yg821jf8611_nh_statewide_2020_04_01.csv.zip,date,,
New Jersey,Camden,Camden,STOPS,MULTI,Standardized stop data from the Stanford Open Policing Project,CSV,https://stacks.stanford.edu/file/druid:yg821jf8611/yg821jf8611_nj_camden_2020_04_01.csv.zip,date,,
New Jersey,State Patrol,State Patrol,TRAFFIC STOPS,MULTI,Standardized stop data from the Stanford Open Policing Project,CSV,https://stacks.stanford.edu/file/druid:yg821jf8611/yg821jf8611_nj_statewide_2020_04_01.csv.zip,date,,
Nevada,Henderson,Henderson,TRAFFIC STOPS,MULTI,Standardized stop data from the Stanford Open Policing Project,CSV,https://stacks.stanford.edu/file/druid:yg821jf8611/yg821jf8611_nv_henderson_2020_04_01.csv.zip,date,,
Nevada,State Patrol,State Patrol,TRAFFIC STOPS,MULTI,Standardized stop data from the Stanford Open Policing Project,CSV,https://stacks.stanford.edu/file/druid:yg821jf8611/yg821jf8611_nv_statewide_2020_04_01.csv.zip,date,,
New York,Albany,Albany,TRAFFIC STOPS,MULTI,Standardized stop data from the Stanford Open Policing Project,CSV,https://stacks.stanford.edu/file/druid:yg821jf8611/yg821jf8611_ny_albany_2020_04_01.csv.zip,date,,
New York,State Patrol,State Patrol,TRAFFIC STOPS,MULTI,Standardized stop data from the Stanford Open Policing Project,CSV,https://stacks.stanford.edu/file/druid:yg821jf8611/yg821jf8611_ny_statewide_2020_04_01.csv.zip,date,,
Ohio,Cincinnati,Cincinnati,STOPS,MULTI,Standardized stop data from the Stanford Open Policing Project,CSV,https://stacks.stanford.edu/file/druid:yg821jf8611/yg821jf8611_oh_cincinnati_2020_04_01.csv.zip,date,,
Ohio,Columbus,Columbus,TRAFFIC STOPS,MULTI,Standardized stop data from the Stanford Open Policing Project,CSV,https://stacks.stanford.edu/file/druid:yg821jf8611/yg821jf8611_oh_columbus_2020_04_01.csv.zip,date,,
Ohio,State Patrol,State Patrol,TRAFFIC STOPS,MULTI,Standardized stop data from the Stanford Open Policing Project,CSV,https://stacks.stanford.edu/file/druid:yg821jf8611/yg821jf8611_oh_statewide_2020_04_01.csv.zip,date,,
Oklahoma,Oklahoma City,Oklahoma City,STOPS,MULTI,Standardized stop data from the Stanford Open Policing Project,CSV,https://stacks.stanford.edu/file/druid:yg821jf8611/yg821jf8611_ok_oklahoma_city_2020_04_01.csv.zip,date,,
Oklahoma,Tulsa,Tulsa,STOPS,MULTI,Standardized stop data from the Stanford Open Policing Project,CSV,https://stacks.stanford.edu/file/druid:yg821jf8611/yg821jf8611_ok_tulsa_2020_04_01.csv.zip,date,,
Oregon,State Patrol,State Patrol,TRAFFIC STOPS,MULTI,Standardized stop data from the Stanford Open Policing Project,CSV,https://stacks.stanford.edu/file/druid:yg821jf8611/yg821jf8611_or_statewide_2020_04_01.csv.zip,date,,
Pennsylvania,Philadelphia,Philadelphia,STOPS,MULTI,Standardized stop data from the Stanford Open Policing Project,CSV,https://stacks.stanford.edu/file/druid:yg821jf8611/yg821jf8611_pa_philadelphia_2020_04_01.csv.zip,date,,
Rhode Island,State Patrol,State Patrol,TRAFFIC STOPS,MULTI,Standardized stop data from the Stanford Open Policing Project,CSV,https://stacks.stanford.edu/file/druid:yg821jf8611/yg821jf8611_ri_statewide_2020_04_01.csv.zip,date,,
South Carolina,State Patrol,State Patrol,STOPS,MULTI,Standardized stop data from the Stanford Open Policing Project,CSV,https://stacks.stanford.edu/file/druid:yg821jf8611/yg821jf8611_sc_statewide_2020_04_01.csv.zip,date,,
South Dakota,State Patrol,State Patrol,TRAFFIC STOPS,MULTI,Standardized stop data from the Stanford Open Policing Project,CSV,https://stacks.stanford.edu/file/druid:yg821jf8611/yg821jf8611_sd_statewide_2020_04_01.csv.zip,date,,
Tennessee,Nashville,Nashville,TRAFFIC STOPS,MULTI,Standardized stop data from the Stanford Open Policing Project,CSV,https://stacks.stanford.edu/file/druid:yg821jf8611/yg821jf8611_tn_nashville_2020_04_01.csv.zip,date,,
Tennessee,State Patrol,State Patrol,TRAFFIC STOPS,MULTI,Standardized stop data from the Stanford Open Policing Project,CSV,https://stacks.stanford.edu/file/druid:yg821jf8611/yg821jf8611_tn_statewide_2020_04_01.csv.zip,date,,
Texas,Arlington,Arlington,STOPS,MULTI,Standardized stop data from the Stanford Open Policing Project,CSV,https://stacks.stanford.edu/file/druid:yg821jf8611/yg821jf8611_tx_arlington_2020_04_01.csv.zip,date,,
Texas,Garland,Garland,TRAFFIC STOPS,MULTI,Standardized stop data from the Stanford Open Policing Project,CSV,https://stacks.stanford.edu/file/druid:yg821jf8611/yg821jf8611_tx_garland_2020_04_01.csv.zip,date,,
Texas,Houston,Houston,TRAFFIC STOPS,MULTI,Standardized stop data from the Stanford Open Policing Project,CSV,https://stacks.stanford.edu/file/druid:yg821jf8611/yg821jf8611_tx_houston_2020_04_01.csv.zip,date,,
Texas,Lubbock,Lubbock,STOPS,MULTI,Standardized stop data from the Stanford Open Policing Project,CSV,https://stacks.stanford.edu/file/druid:yg821jf8611/yg821jf8611_tx_lubbock_2020_04_01.csv.zip,date,,
Texas,Plano,Plano,TRAFFIC STOPS,MULTI,Standardized stop data from the Stanford Open Policing Project,CSV,https://stacks.stanford.edu/file/druid:yg821jf8611/yg821jf8611_tx_plano_2020_04_01.csv.zip,date,,
Texas,San Antonio,San Antonio,STOPS,MULTI,Standardized stop data from the Stanford Open Policing Project,CSV,https://stacks.stanford.edu/file/druid:yg821jf8611/yg821jf8611_tx_san_antonio_2020_04_01.csv.zip,date,,
Texas,State Patrol,State Patrol,TRAFFIC STOPS,MULTI,Standardized stop data from the Stanford Open Policing Project,CSV,https://stacks.stanford.edu/file/druid:yg821jf8611/yg821jf8611_tx_statewide_2020_04_01.csv.zip,date,,
Virginia,State Patrol,State Patrol,TRAFFIC STOPS,MULTI,Standardized stop data from the Stanford Open Policing Project,CSV,https://stacks.stanford.edu/file/druid:yg821jf8611/yg821jf8611_va_statewide_2020_04_01.csv.zip,date,,
Vermont,Burlington,Burlington,TRAFFIC STOPS,MULTI,Standardized stop data from the Stanford Open Policing Project,CSV,https://stacks.stanford.edu/file/druid:yg821jf8611/yg821jf8611_vt_burlington_2020_04_01.csv.zip,date,,
Vermont,State Patrol,State Patrol,TRAFFIC STOPS,MULTI,Standardized stop data from the Stanford Open Policing Project,CSV,https://stacks.stanford.edu/file/druid:yg821jf8611/yg821jf8611_vt_statewide_2020_04_01.csv.zip,date,,
Washington,Seattle,Seattle,STOPS,MULTI,Standardized stop data from the Stanford Open Policing Project,CSV,https://stacks.stanford.edu/file/druid:yg821jf8611/yg821jf8611_wa_seattle_2020_04_01.csv.zip,date,,
Washington,State Patrol,State Patrol,TRAFFIC STOPS,MULTI,Standardized stop data from the Stanford Open Policing Project,CSV,https://stacks.stanford.edu/file/druid:yg821jf8611/yg821jf8611_wa_statewide_2020_04_01.csv.zip,date,,
Washington,Tacoma,Tacoma,STOPS,MULTI,Standardized stop data from the Stanford Open Policing Project,CSV,https://stacks.stanford.edu/file/druid:yg821jf8611/yg821jf8611_wa_tacoma_2020_04_01.csv.zip,date,,
Wisconsin,Madison,Madison,TRAFFIC STOPS,MULTI,Standardized stop data from the Stanford Open Policing Project,CSV,https://stacks.stanford.edu/file/druid:yg821jf8611/yg821jf8611_wi_madison_2020_04_01.csv.zip,date,,
Wisconsin,State Patrol,State Patrol,TRAFFIC STOPS,MULTI,Standardized stop data from the Stanford Open Policing Project,CSV,https://stacks.stanford.edu/file/druid:yg821jf8611/yg821jf8611_wi_statewide_2020_04_01.csv.zip,date,,
Wyoming,State Patrol,State Patrol,TRAFFIC STOPS,MULTI,Standardized stop data from the Stanford Open Policing Project,CSV,https://stacks.stanford.edu/file/druid:yg821jf8611/yg821jf8611_wy_statewide_2020_04_01.csv.zip,date,,
New York,New York City,New York City,PEDESTRIAN STOPS,2012,"NYPD Stop, Question and Frisk Data",CSV,https://www1.nyc.gov/assets/nypd/downloads/zip/analysis_and_planning/stop-question-frisk/sqf-2012-csv.zip,,,
New York,New York City,New York City,PEDESTRIAN STOPS,2013,"NYPD Stop, Question and Frisk Data",CSV,https://www1.nyc.gov/assets/nypd/downloads/zip/analysis_and_planning/stop-question-frisk/sqf-2013-csv.zip,,,
New York,New York City,New York City,PEDESTRIAN STOPS,2014,"NYPD Stop, Question and Frisk Data",CSV,https://www1.nyc.gov/assets/nypd/downloads/zip/analysis_and_planning/stop-question-frisk/sqf-2014-csv.zip,,,
New York,New York City,New York City,PEDESTRIAN STOPS,2015,"NYPD Stop, Question and Frisk Data",CSV,https://www1.nyc.gov/assets/nypd/downloads/excel/analysis_and_planning/stop-question-frisk/sqf-2015.csv,,,
New York,New York City,New York City,PEDESTRIAN STOPS,2016,"NYPD Stop, Question and Frisk Data",CSV,https://www1.nyc.gov/assets/nypd/downloads/excel/analysis_and_planning/stop-question-frisk/sqf-2016.csv,,,
New York,New York City,New York City,USE OF FORCE - INCIDENTS,MULTI,Dataset containing information related to Force Incidents involving NYPD Members of Service.,Socrata,data.cityofnewyork.us,occurrence_date,f4tj-796d,
New York,New York City,New York City,EMPLOYEE,NONE,List of NYPD members of service,Socrata,data.cityofnewyork.us,,5vr7-5fki,
New York,New York City,New York City,USE OF FORCE - CIVILIANS,NONE,Dataset containing information related to non-NYPD Subjects involved in Force Incidents,Socrata,data.cityofnewyork.us,,dufe-vxb7,
New York,New York City,New York City,USE OF FORCE - OFFICERS,NONE,Dataset containing information related to NYPD Members of Service involved in Force Incidents,Socrata,data.cityofnewyork.us,,v5jd-6wqn,
Texas,Austin,Austin,TRAFFIC CITATIONS,2014,A dataset of APD citations issued from traffic stops,Socrata,data.austintexas.gov,,mw6q-k5gy,
Texas,Austin,Austin,TRAFFIC CITATIONS,2015,A dataset of APD citations issued from traffic stops,Socrata,data.austintexas.gov,,sc6h-qr9f,
Texas,Austin,Austin,TRAFFIC CITATIONS,2016,A dataset of APD citations issued from traffic stops,Socrata,data.austintexas.gov,,urfd-wng9,
Texas,Austin,Austin,TRAFFIC CITATIONS,2017,A dataset of APD citations issued from traffic stops,Socrata,data.austintexas.gov,,7guv-wkre,
Texas,Austin,Austin,TRAFFIC CITATIONS,2018,A dataset of APD citations issued from traffic stops,Socrata,data.austintexas.gov,,b9rk-dixy,
Texas,Austin,Austin,TRAFFIC CITATIONS,2019,A dataset of APD citations issued from traffic stops,Socrata,data.austintexas.gov,,uzta-a386,
Texas,Austin,Austin,TRAFFIC STOPS,2020,"A dataset of APD arrests, citations, and warnings/field observations made from traffic stops",Socrata,data.austintexas.gov,,c65h-gw3m,
Texas,Austin,Austin,PEDESTRIAN WARNINGS,MULTI,Non-Motor Vehicle Stops Warnings,Socrata,data.austintexas.gov,occ_date,sykw-k45z,
Texas,Austin,Austin,PEDESTRIAN ARRESTS,MULTI,Non-Motor Vehicle Stops Arrests,Socrata,data.austintexas.gov,rep_date,qpbg-wcus,
Texas,Austin,Austin,PEDESTRIAN CITATIONS,MULTI,Non-Motor Vehicle Stops Citations,Socrata,data.austintexas.gov,offensedate,9uzk-fyxx,
Texas,Austin,Austin,TRAFFIC WARNINGS,2014,A dataset of APD warnings and field observations made from traffic stops,Socrata,data.austintexas.gov,,tqet-vty2,
Texas,Austin,Austin,TRAFFIC WARNINGS,2015,A dataset of APD warnings and field observations made from traffic stops,Socrata,data.austintexas.gov,,v6rq-ainw,
Texas,Austin,Austin,TRAFFIC WARNINGS,2016,A dataset of APD warnings and field observations made from traffic stops,Socrata,data.austintexas.gov,,qhi8-a9bc,
Texas,Austin,Austin,TRAFFIC WARNINGS,2017,A dataset of APD warnings and field observations made from traffic stops,Socrata,data.austintexas.gov,,5asp-dw2k,
Texas,Austin,Austin,TRAFFIC WARNINGS,2018,A dataset of APD warnings and field observations made from traffic stops,Socrata,data.austintexas.gov,,vchc-c622,
Texas,Austin,Austin,TRAFFIC WARNINGS,2019,A dataset of APD warnings and field observations made from traffic stops,Socrata,data.austintexas.gov,,djcn-eje6,
Texas,Austin,Austin,TRAFFIC ARRESTS,2014,A dataset of APD arrests made from traffic stops,Socrata,data.austintexas.gov,,fk9e-2udt,
Texas,Austin,Austin,TRAFFIC ARRESTS,2015,A dataset of APD arrests made from traffic stops,Socrata,data.austintexas.gov,,nbjz-52e4,
Texas,Austin,Austin,TRAFFIC ARRESTS,2016,A dataset of APD arrests made from traffic stops,Socrata,data.austintexas.gov,,bmz9-cdnt,
Texas,Austin,Austin,TRAFFIC ARRESTS,2017,A dataset of APD arrests made from traffic stops,Socrata,data.austintexas.gov,,x4p3-hj3y,
Texas,Austin,Austin,TRAFFIC ARRESTS,2018,A dataset of APD arrests made from traffic stops,Socrata,data.austintexas.gov,,xfke-9bsj,
Texas,Austin,Austin,TRAFFIC ARRESTS,2019,A dataset of APD arrests made from traffic stops,Socrata,data.austintexas.gov,,m4cc-q8pr,
Texas,Austin,Austin,USE OF FORCE,2009,A dataset of APD Response to Resistance,Socrata,data.austintexas.gov,,sc8s-w4ka,
Texas,Austin,Austin,USE OF FORCE,2010,A dataset of APD Response to Resistance,Socrata,data.austintexas.gov,,q5ym-htjz,
Texas,Austin,Austin,USE OF FORCE,2011,A dataset of APD Response to Resistance,Socrata,data.austintexas.gov,,jipa-v8m5,
Texas,Austin,Austin,USE OF FORCE,2012,A dataset of APD Response to Resistance,Socrata,data.austintexas.gov,,bx9w-y5sd,
Texas,Austin,Austin,USE OF FORCE,2013,A dataset of APD Response to Resistance,Socrata,data.austintexas.gov,,qxx9-6iwk,
Texas,Austin,Austin,USE OF FORCE,2014,A dataset of APD Response to Resistance,Socrata,data.austintexas.gov,,vv43-e55n,
Texas,Austin,Austin,USE OF FORCE,2015,A dataset of APD Response to Resistance,Socrata,data.austintexas.gov,,iydp-s2cf,
Texas,Austin,Austin,USE OF FORCE,2016,A dataset of APD Response to Resistance,Socrata,data.austintexas.gov,,h8jq-pcz3,
Texas,Austin,Austin,USE OF FORCE,2017,A dataset of APD Response to Resistance,Socrata,data.austintexas.gov,,5evd-3tba,
Texas,Austin,Austin,USE OF FORCE,2018,A dataset of APD Response to Resistance,Socrata,data.austintexas.gov,,rus9-w6q5,
Texas,Austin,Austin,USE OF FORCE,2019,A dataset of APD Response to Resistance,Socrata,data.austintexas.gov,,3bfz-mri4,
Texas,Austin,Austin,OFFICER-INVOLVED SHOOTINGS - CIVILIANS,MULTI,A dataset of Officer Involved Shooting incidents subject information 2008-2017 ,Socrata,data.austintexas.gov,date,u2k2-n8ez,
Texas,Austin,Austin,OFFICER-INVOLVED SHOOTINGS - INCIDENTS,MULTI,A dataset of Officer Involved Shooting incidents 2008-2017 involving the Austin Police Department,Socrata,data.austintexas.gov,date,uzqv-9uza,
Texas,Austin,Austin,OFFICER-INVOLVED SHOOTINGS - OFFICERS,MULTI,A dataset of Officer Involved Shootings officer data 2008-2017 involving the Austin Police Department.,Socrata,data.austintexas.gov,date,8mvp-v9jz,
Texas,Austin,Austin,USE OF FORCE - CIVILIANS,2017,A dataset of APD Response to Resistance subject data,Socrata,data.austintexas.gov,,5w6q-adh8,
Texas,Austin,Austin,USE OF FORCE - CIVILIANS,2018,A dataset of APD Response to Resistance subject data,Socrata,data.austintexas.gov,,c7is-tz8m,
Texas,Austin,Austin,USE OF FORCE - CIVILIANS,2019,A dataset of APD Response to Resistance subject data,Socrata,data.austintexas.gov,,dwrk-z7q9,
Indiana,Bloomington,Bloomington,CALLS FOR SERVICE,MULTI,Information from the Bloomington Police Department on all calls for service received.,Socrata,bloomington.data.socrata.com,datetime,t5xf-ggw6,
Indiana,Bloomington,Bloomington,OFFICER-INVOLVED SHOOTINGS,MULTI,Bloomington Police Department cases where officers have fired a gun at an individual.,Socrata,bloomington.data.socrata.com,date_time,63j3-n7jh,
Indiana,Bloomington,Bloomington,VEHICLE PURSUITS,MULTI,Data from Bloomington Police Department cases where a vehicle pursuit occurred,Socrata,bloomington.data.socrata.com,date_time,n6ty-q23h,
Indiana,Bloomington,Bloomington,EMPLOYEE,2016,This set of raw data contains information from Bloomington Police Department employee files.,CSV,https://data.bloomington.in.gov/dataset/c25e7854-dcb5-40d4-b94c-e6e518c2ddfa/resource/0dc23bb3-98d6-436b-b3d4-fb0f846869c9/download/2016-first-quarter-bpd-employee-demographics.csv,,,
Indiana,Bloomington,Bloomington,EMPLOYEE,2017,This set of raw data contains information from Bloomington Police Department employee files.,CSV,https://data.bloomington.in.gov/dataset/c25e7854-dcb5-40d4-b94c-e6e518c2ddfa/resource/322f9b81-0462-482d-a4c5-e1053f57a70f/download/2017-first-quarter-bpd-employee-demographics.csv,,,
North Carolina,Chapel Hill,Chapel Hill,EMPLOYEE,NONE,This table contains demographics information for employees of the Chapel Hill Police Department.,ArcGIS,https://services2.arcgis.com/7KRXAKALbBGlCW77/arcgis/rest/services/Police_Employee_Demographics/FeatureServer/0/query?outFields=*&where=1%3D1,,,
North Carolina,Asheville,Asheville,CALLS FOR SERVICE,2005,"APD CAD 911 Calls. Addresses are delivered in block format, resolving to the nearest 100 (e.g. 1-199 becomes 100-BLK; 200-299 becomes 200-BLK; etc.). ",ArcGIS,https://services.arcgis.com/aJ16ENn1AaqdFlqx/arcgis/rest/services/APD_CAD_911_Calls_2005/FeatureServer/0/query?outFields=*&where=1%3D1,Call_Time ,,
North Carolina,Asheville,Asheville,CALLS FOR SERVICE,2006,"APD CAD 911 Calls. Addresses are delivered in block format, resolving to the nearest 100 (e.g. 1-199 becomes 100-BLK; 200-299 becomes 200-BLK; etc.). ",ArcGIS,https://services.arcgis.com/aJ16ENn1AaqdFlqx/arcgis/rest/services/APD_CAD_911_Calls_2006/FeatureServer/0/query?outFields=*&where=1%3D1,Call_Time ,,
North Carolina,Asheville,Asheville,CALLS FOR SERVICE,2007,"APD CAD 911 Calls. Addresses are delivered in block format, resolving to the nearest 100 (e.g. 1-199 becomes 100-BLK; 200-299 becomes 200-BLK; etc.). ",ArcGIS,https://services.arcgis.com/aJ16ENn1AaqdFlqx/arcgis/rest/services/APD_CAD_911_Calls_2007/FeatureServer/0/query?outFields=*&where=1%3D1,Call_Time ,,
North Carolina,Asheville,Asheville,CALLS FOR SERVICE,2008,"APD CAD 911 Calls. Addresses are delivered in block format, resolving to the nearest 100 (e.g. 1-199 becomes 100-BLK; 200-299 becomes 200-BLK; etc.). ",ArcGIS,https://services.arcgis.com/aJ16ENn1AaqdFlqx/arcgis/rest/services/APD_CAD_911_Calls_2008/FeatureServer/0/query?outFields=*&where=1%3D1,Call_Time ,,
North Carolina,Asheville,Asheville,CALLS FOR SERVICE,2009,"APD CAD 911 Calls. Addresses are delivered in block format, resolving to the nearest 100 (e.g. 1-199 becomes 100-BLK; 200-299 becomes 200-BLK; etc.). ",ArcGIS,https://services.arcgis.com/aJ16ENn1AaqdFlqx/arcgis/rest/services/APD_CAD_911_Calls_2009/FeatureServer/0/query?outFields=*&where=1%3D1,Call_Time ,,
North Carolina,Asheville,Asheville,CALLS FOR SERVICE,2010,"APD CAD 911 Calls. Addresses are delivered in block format, resolving to the nearest 100 (e.g. 1-199 becomes 100-BLK; 200-299 becomes 200-BLK; etc.). ",ArcGIS,https://services.arcgis.com/aJ16ENn1AaqdFlqx/arcgis/rest/services/APD_CAD_911_Calls_2010/FeatureServer/0/query?outFields=*&where=1%3D1,Call_Time ,,
North Carolina,Asheville,Asheville,CALLS FOR SERVICE,2011,"APD CAD 911 Calls. Addresses are delivered in block format, resolving to the nearest 100 (e.g. 1-199 becomes 100-BLK; 200-299 becomes 200-BLK; etc.). ",ArcGIS,https://services.arcgis.com/aJ16ENn1AaqdFlqx/arcgis/rest/services/APD_CAD_911_Calls_2011/FeatureServer/0/query?outFields=*&where=1%3D1,Call_Time ,,
North Carolina,Asheville,Asheville,CALLS FOR SERVICE,2012,"APD CAD 911 Calls. Addresses are delivered in block format, resolving to the nearest 100 (e.g. 1-199 becomes 100-BLK; 200-299 becomes 200-BLK; etc.). ",ArcGIS,https://services.arcgis.com/aJ16ENn1AaqdFlqx/arcgis/rest/services/APD_CAD_911_Calls_2012/FeatureServer/0,Call_Time ,,
North Carolina,Asheville,Asheville,CALLS FOR SERVICE,2013,"APD CAD 911 Calls. Addresses are delivered in block format, resolving to the nearest 100 (e.g. 1-199 becomes 100-BLK; 200-299 becomes 200-BLK; etc.). ",ArcGIS,https://services.arcgis.com/aJ16ENn1AaqdFlqx/arcgis/rest/services/APD_CAD_911_Calls_2013/FeatureServer/0/query?outFields=*&where=1%3D1,Call_Time ,,
North Carolina,Asheville,Asheville,CALLS FOR SERVICE,2014,"APD CAD 911 Calls. Addresses are delivered in block format, resolving to the nearest 100 (e.g. 1-199 becomes 100-BLK; 200-299 becomes 200-BLK; etc.). ",ArcGIS,https://services.arcgis.com/aJ16ENn1AaqdFlqx/arcgis/rest/services/APD_CAD_911_Calls_2014/FeatureServer/0/query?outFields=*&where=1%3D1,Call_Time ,,
North Carolina,Asheville,Asheville,CALLS FOR SERVICE,2015,"APD CAD 911 Calls. Addresses are delivered in block format, resolving to the nearest 100 (e.g. 1-199 becomes 100-BLK; 200-299 becomes 200-BLK; etc.). ",ArcGIS,https://services.arcgis.com/aJ16ENn1AaqdFlqx/arcgis/rest/services/APD_CAD_911_Calls_2015/FeatureServer/0/query?outFields=*&where=1%3D1,Call_Time ,,
North Carolina,Asheville,Asheville,CALLS FOR SERVICE,2016,"APD CAD 911 Calls. Addresses are delivered in block format, resolving to the nearest 100 (e.g. 1-199 becomes 100-BLK; 200-299 becomes 200-BLK; etc.). ",ArcGIS,https://services.arcgis.com/aJ16ENn1AaqdFlqx/arcgis/rest/services/APD_CAD_911_Calls_2016/FeatureServer/0/query?outFields=*&where=1%3D1,Call_Time ,,
North Carolina,Asheville,Asheville,CALLS FOR SERVICE,2017,"APD CAD 911 Calls. Addresses are delivered in block format, resolving to the nearest 100 (e.g. 1-199 becomes 100-BLK; 200-299 becomes 200-BLK; etc.). ",ArcGIS,https://services.arcgis.com/aJ16ENn1AaqdFlqx/arcgis/rest/services/APD_CAD_911_Calls_2017/FeatureServer/0/query?outFields=*&where=1%3D1,Call_Time ,,
North Carolina,Asheville,Asheville,CALLS FOR SERVICE,2018,"APD CAD 911 Calls. Addresses are delivered in block format, resolving to the nearest 100 (e.g. 1-199 becomes 100-BLK; 200-299 becomes 200-BLK; etc.). ",ArcGIS,https://services.arcgis.com/aJ16ENn1AaqdFlqx/arcgis/rest/services/APD_CAD_911_Calls_2018/FeatureServer/0,Call_Time ,,
North Carolina,Asheville,Asheville,CALLS FOR SERVICE,2019,"APD CAD 911 Calls. Addresses are delivered in block format, resolving to the nearest 100 (e.g. 1-199 becomes 100-BLK; 200-299 becomes 200-BLK; etc.). ",ArcGIS,https://services.arcgis.com/aJ16ENn1AaqdFlqx/arcgis/rest/services/APD_CAD_911_Calls_2019/FeatureServer/0,Call_Time ,,
North Carolina,Asheville,Asheville,CALLS FOR SERVICE,2020,"APD CAD 911 Calls. Addresses are delivered in block format, resolving to the nearest 100 (e.g. 1-199 becomes 100-BLK; 200-299 becomes 200-BLK; etc.). ",ArcGIS,https://services.arcgis.com/aJ16ENn1AaqdFlqx/arcgis/rest/services/APD_CAD_911_Calls_2020/FeatureServer/0,call_time ,,
North Carolina,Asheville,Asheville,CALLS FOR SERVICE,2021,"APD CAD 911 Calls. Addresses are delivered in block format, resolving to the nearest 100 (e.g. 1-199 becomes 100-BLK; 200-299 becomes 200-BLK; etc.). ",ArcGIS,https://services.arcgis.com/aJ16ENn1AaqdFlqx/arcgis/rest/services/APD_CAD_911_Calls_2021/FeatureServer/0,call_time ,,
New Jersey,New Jersey,MULTI,TRAFFIC STOPS,2009,NJSP traffic stops from OLEPS Traffic Stop Data Dashboard,Socrata,data.nj.gov,year,m3fh-4zv4,stationname
New Jersey,New Jersey,MULTI,TRAFFIC STOPS,2010,NJSP traffic stops from OLEPS Traffic Stop Data Dashboard,Socrata,data.nj.gov,year,x8x7-g8dg,stationname
New Jersey,New Jersey,MULTI,TRAFFIC STOPS,2011,NJSP traffic stops from OLEPS Traffic Stop Data Dashboard,Socrata,data.nj.gov,year,9qfp-48xj,stationname
New Jersey,New Jersey,MULTI,TRAFFIC STOPS,2012,NJSP traffic stops from OLEPS Traffic Stop Data Dashboard,Socrata,data.nj.gov,year,yugt-4yp9,stationname
New Jersey,New Jersey,MULTI,TRAFFIC STOPS,2013,NJSP traffic stops from OLEPS Traffic Stop Data Dashboard,Socrata,data.nj.gov,year,xz8t-a4ug,stationname
New Jersey,New Jersey,MULTI,TRAFFIC STOPS,2014,NJSP traffic stops from OLEPS Traffic Stop Data Dashboard,Socrata,data.nj.gov,year,vv5d-7trv,stationname
New Jersey,New Jersey,MULTI,TRAFFIC STOPS,2015,NJSP traffic stops from OLEPS Traffic Stop Data Dashboard,Socrata,data.nj.gov,year,j2rb-g65t,stationname
New Jersey,New Jersey,MULTI,TRAFFIC STOPS,2016,NJSP traffic stops from OLEPS Traffic Stop Data Dashboard,Socrata,data.nj.gov,year,weuz-d4x6,stationname
New Jersey,New Jersey,MULTI,TRAFFIC STOPS,2017,NJSP traffic stops from OLEPS Traffic Stop Data Dashboard,Socrata,data.nj.gov,year,q8ec-3etm,stationname
New Jersey,New Jersey,MULTI,TRAFFIC STOPS,2018,NJSP traffic stops from OLEPS Traffic Stop Data Dashboard,Socrata,data.nj.gov,year,ui6b-hyzq,stationname
New Jersey,New Jersey,MULTI,TRAFFIC STOPS,2019,NJSP traffic stops from OLEPS Traffic Stop Data Dashboard,Socrata,data.nj.gov,year,u3ag-s7w6,stationname
New Jersey,New Jersey,MULTI,TRAFFIC STOPS,2020,NJSP traffic stops from OLEPS Traffic Stop Data Dashboard,Socrata,data.nj.gov,year,kie7-5sud,stationname
