Source,State,Open Data Website,Last Checked Date,Last Checked By,NO DATA,Crashes,Crashes - Incidents,Crashes - Civilians,Crashes - Vehicles,Arrests,Bail,Calls for Service,Citations,Complaints,COMPLAINTS – BACKGROUND,Complaints – Civilians,COMPLAINTS – OFFICERS,COMPLAINTS – ALLEGATIONS,COMPLAINTS – PENALTIES,Death in Custody,Diversion Program,Employee Demographics,Field Contacts,Incidents,Officer-Involved Shootings,Officer-Involved Shootings - Incidents,Officer-Involved Shootings - Civilians,Officer-Involved Shootings - Officers,Stops,Pedestrian Stops,Pedestrian Citations,Pedestrian Warnings,Pedestrian Arrests,Traffic Citations,Traffic Stops,Traffic Arrests,Traffic Warnings,Show of Force,Use of Force,Use of Force - Incidents,Use of Force  - Civilians/Officers,Use of Force  - Civilians,Use of Force  - Officers,Vehicle Pursuits,Comments
Fairfax County Police Department,Virginia,https://policedata-fcpdgis.hub.arcgis.com/pages/crime-stats,12/23/2021,sowdm,,,,,,Added,,,,,,,,,,,,,,,,,,,,,,,,Added,,,Added,,,,,,,,
Virginia,Virginia,https://data.virginia.gov/Public-Safety/Community-Policing-Data-July-1-2020-to-September-3/segb-5y2c,12/23/2021,sowdm,,,,,,,,,,,,,,,,,,,,,,,,,Added,,,,,,,,,,,,,,,,
Montgomery County Police Department,Maryland,https://data.montgomerycountymd.gov/browse?limitTo=datasets&q=police&sortBy=relevance,3/1/2023,sowdm,,,Added,Added,,,,,,Added,,,,,,,,,,Added,,,,,,,,,,,Added,,,,,,,,,,
Prince William County Police Department,Virginia,,12/29/2021,sowdm,X,,,,,,,,,,,,,,,,,,,,,,,,,,,,,,,,,,,,,,,,
Anne Arundel County Police Department,Maryland,,12/29/2021,sowdm,X,,,,,,,,,,,,,,,,,,,,,,,,,,,,,,,,,,,,,,,,
Charlotte-Mecklenburg Police Department,North Carolina,https://data.charlottenc.gov/search?q=police,12/29/2021,sowdm,,,,,,,,,,,,,,,,,,Added,,,,Added,Added,Added,,,,,,,Added,,,,,,,,,,
Charlottesville Police Department,Virginia,,12/29/2021,sowdm,X,,,,,,,,,,,,,,,,,,,,,,,,,,,,,,,,,,,,,,,,
Burlington Police Department,Vermont,data.burlingtonvt.gov,12/29/2021,sowdm,,,,,,Added,Not transferred from old site yet,Not transferred from old site yet,,,,,,,,,,,,,,,,,,,,,,,Added,,,,Not transferred from old site yet,,,,,,
California Department of Justice,California,https://openjustice.doj.ca.gov/data,8/15/2023,sowdm,,,,,,,,,,,,,,,,Added,,,,,,,,,Added,,,,,,,,,,,Added,Added,,,,
Baltimore Police Department,Maryland,data.baltimorecity.gov,3/1/2023,sowdm,,,,,,Added,,Added,,,,,,,,,,,,,,,,,,,,,,,,,,,,,,,,,
Indianapolis Metropolitan Police Department,Indiana,https://data.indy.gov/search?q=police,12/29/2021,sowdm,,,,,,,,,,Added,,,,,,,,,,,Added,,,,,,,,,,,,,,Added,,,,,,
Wichita Police Department,Kansas,https://ict-opendata-cityofwichita.hub.arcgis.com/search?tags=safety&type=table%2Cfeature%20layer,3/1/2023,sowdm,,Added,,,,,,,,,,,,,,,,,,,,,,,,,,,,Includes names,,,,,,,,,,,
New York Police Department,New York,https://data.cityofnewyork.us/browse?Dataset-Information_Agency=Police+Department+%28NYPD%29,3/1/2023,sowdm,,,Added,Added,Added,Added,,Issue #75,,,Added,,Added,Added,Added,,,Added,,,Added,,,,,Added,,,,,,,,,,Added,,Added,Added,,
Stanford Open Policing Project,Various,https://openpolicing.stanford.edu/data/,12/29/2021,sowdm,,,,,,,,,,,,,,,,,,,,,,,,,,,,,,,Added,,,,,,,,,,
New Jersey Office of the Attorney General,New Jersey,"https://www.njoag.gov/force/#policy, https://www.njoag.gov/trafficstops/",12/29/2021,sowdm,,,,,,,,,,,,,,,,,,,,,,,,,,,,,,,Added,,,,Issue #80,,,,,,
Austin Police Department,Texas,https://data.austintexas.gov/browse?category=Public+Safety&limitTo=datasets,12/29/2021,sowdm,,,,,,,,,,,,,,,,,,,,Has addresses,,Added,Added,Added,,,Added,Added,Added,Added,Added,Added,Added,,,Added,,Added,,,Use of force data is labeled response to resistance or R2R
Bloomington Police Department,Indiana,https://data.bloomington.in.gov/group/public-safety,12/13/2022,sowdm,,Added,,,,,,Added,,Added,,,,,,,,Issue#48 and #78,,,Added,,,,,,,,,Issue #78,,,,,Issue #78,,,,,Added,
Chandler Police Department,Arizona,"https://data.chandlerpd.com/, https://chn-az.municipal.systems/",8/27/2023,sowdm,,,,,,Added,,Added,,,,,,,,,,,,Added,,,,,,,,,,,,,,,,,,,,,
Chapel Hill Police Department,North Carolina,https://opendata-townofchapelhill.hub.arcgis.com/search?tags=community%20safety%2Cjustice,12/29/2021,sowdm,,,,,,,,,,,,,,,,,,Added,,,,,,,,,,,,,,,,,,,,,,,
Richmond Police Department,Virginia,data.richmondgov.com,2/6/2021,sowdm,X,,,,,,,,,,,,,,,,,,,,,,,,,,,,,,,,,,,,,,,,
Asheville Police Department,North Carolina,https://data-avl.opendata.arcgis.com/search?tags=publicsafety,2/6/2021,sowdm,,,,,,,,Added,,Issue #74,,,,,,,,,,,,,,,,,,,,Issue #74,,,,Issue #74,Issue #72,,,,,,
Denver Police Department,Colorado,https://www.denvergov.org/opendata/dataset/city-and-county-of-denver-police-pedestrian-stops-and-vehicle-stops,3/31/2022,sowdm,,,,,,,,,,,,,,,,,,,,,Added,,,,Added,,,,,,,,,,,,,,,,
Dallas,Texas,https://www.dallasopendata.com/browse?category=Public+Safety&limitTo=datasets,3/2/2023,sowdm,,,,,,Added,,,,,,,,,,,,,,Has addresses,Added,,,,,,,,,,,,,,Added,,,,,,Use of force data is labeled response to resistance
Fayetteville,North Carolina,https://data.fayettevillenc.gov/search?tags=Police,3/31/2022,sowdm,,Added,,,,Added,,,Added,,,,,,,,,,Added,,,,,,,,,,,,Added,,,,,,,,,,
Great Barrington,Massachusetts,https://www.townofgb.org/open-data-portal,3/31/2022,sowdm,X,,,,,,,,,,,,,,,,,,,,,,,,,,,,,,,,,,,,,,,,
Hartford,Connecticut,https://data.hartford.gov/browse?category=Public%20Safety,3/31/2022,sowdm,X,,,,,,,Has addresses,,,,,,,,,,,,,,,,,,,,,,,,,,,,,,,,,
Connecticut,Connecticut,https://data.ct.gov/browse?category=Public+Safety,3/31/2022,sowdm,,,,,,,,,,,,,,,,,,,,,,,,,,,,,,,Added,,,,,,,,,,
Lincoln,Nebraska,https://opendata.lincoln.ne.gov/search?tags=safety&type=table%2Cfeature%20layer,3/2/2023,sowdm,,Added,,,,,,Added,,,,,,,,,,,,Added,,,,,,,,,,,Added,,,,Issue #131,,,,,Added,Use of force data is labeled use of control
Mesa,Arizona,https://data.mesaaz.gov/browse?category=Public+Safety,3/6/2023,sowdm,,,,,,,,Added,,,,,,,,,,,,Added,,,,,,,,,,,,,,,,,,,,,
Newport News,Virginia,https://www.nnva.gov/2229/Open-Data,3/31/2022,sowdm,X,,,,,,,,,,,,,,,,,,,,,,,,,,,,,,,,,,,,,,,,
Northampton,Massachusetts,https://northamptonpd.com/open-data-portal.html,12/13/2022,sowdm,,,,,,,,,,,,,,,,,,,,,,,,,,,,,,,,,,,Added,,,,,Added,
Palo Alto,California,https://data.cityofpaloalto.org/home,3/31/2022,sowdm,X,,,,,,,,,,,,,,,,,,,,,,,,,,,,,,,,,,,,,,,,
San Diego,California,https://data.sandiego.gov/datasets/?department=police,3/7/2023,sowdm,,,Added,Added,,,,Added,,Update when tags added to source table,,,,,,,,,,,,,,,"Issue #131, Issue #143",,,,,,,,,,,,,,,,
Springfield,Missouri,https://www.springfieldmo.gov/856/Police-Data,3/31/2022,sowdm,X,,,,,,,,,,,,,,,,,,,,,,,,,,,,,,,,,,,,,,,,
Ferndale ,Michigan,https://data-ferndale.opendata.arcgis.com/search?tags=safety,3/7/2023,sowdm,,,,,,,,,,,,,,,,,,Added,,,,,,,,,,,,,,,,,,,,,,,
Louisville,Kentucky,https://data.louisvilleky.gov/search?q=police,3/7/2023,sowdm,,,,,,,,,#131,,,,,,,,,Added,,Added,Issue #202,,,,,,,,,,Added,,,,,,,,,,
Norwich,Connecticut,https://www.norwichct.org/844/Open-Data-Portal,3/31/2022,sowdm,,,,,,,,,,,,,,,,,,,,,Issue #203,,,,,,,,,,,,,,Added,,,,,,
Owensboro,Kentucky,https://police.owensboro.org/information/police-data-initiative/,3/31/2022,sowdm,X,,,,,,,,,,,,,,,,,,,,,,,,,,,,,,,,,,,,,,,,
Rochester,New York,https://data-rpdny.opendata.arcgis.com/,3/31/2022,sowdm,,,,,,,,,,,,,,,,,,Added,,,,,,,,,,,,,,,,,,,,,,,
San Francisco,California,https://data.sfgov.org/browse?Department-Metrics_Publishing-Department=Police%20Department,1/13/2023,sowdm,,,,,,,,Added,,,,,,,,,,,,Issue #131,,,,,,,,,,,,,,,,,,,,,
Cincinnati,Ohio,https://data.cincinnati-oh.gov/browse?category=Safety&tags=police,3/7/2023,sowdm,,,,,,,,Added,,Added,,,,,,,,,,,Added,,,,Added,,,,,,Added,,,,Added,,,,,,
Salt Lake City,Utah,http://www.slcpd.com/open-data/,3/31/2022,sowdm,X,,,,,,,,,,,,,,,,,,,,,,,,,,,,,,,,,,,,,,,,
Tucson,Arizona,"https://gisdata.tucsonaz.gov/search?groupIds=b6a49faa168647d8b56e1a06bd53600f, https://policeanalysis.tucsonaz.gov/",8/15/2023,sowdm,,,,,,Added,,Added,,,,,,,,,,,,,,Added,Added,Added,,,,,,,Issue #80,,,,Issue #80,,,,,,
Los Angeles,California,https://data.lacity.org/browse?category=Public+Safety&limitTo=datasets,3/15/2023,sowdm,,Added,,,,Issue #131,,Added,,,,,,,,,,,,Issue #131,,,,,"Issue #131 – 1 dataset already included, I think",,,,,,,,,,,,,,,,
New Orleans,Louisiana,https://data.nola.gov/browse?category=Public+Safety+and+Preparedness&limitTo=datasets,3/15/2023,sowdm,,,,,,,,Added,,Added,,,,,,,,,,Added,,,,,Added,,,,,,,,,,Added,,,,,,
Orlando,Florida,https://data.cityoforlando.net/browse?category=Orlando+Police&limitTo=datasets,4/25/2022,sowdm,,,,,,,,,,,,,,,,,,,,,Added,,,,,,,,,,,,,,,,,,,,
Portland,Oregon,https://www.portland.gov/police/open-data,3/15/2023,sowdm,,,,,,,,Added,,,,,,,,,,,,,Added,,,,,,,,,,,,,,Added,,,,,,
Portland,Maine,None,4/25/2022,sowdm,X,,,,,,,,,,,,,,,,,,,,,,,,,,,,,,,,,,,,,,,,
Sacramento,California,https://data.cityofsacramento.org/search?collection=Dataset&tags=police,3/15/2023,sowdm,,,,,,,,Added,Added,,,,,,,,,,,Added,,,,,,,,,,,,,,,,,,,,,
Seattle,Washington,https://data.seattle.gov/browse?category=Public+Safety&limitTo=datasets,3/15/2023,sowdm,,,,,,,,Added,,Added,,,,,,,,,,Added,Added,,,,,Added,,,,,,,,,Added,,,,,,
Vallejo,California,https://vallejo-open-data-covit.hub.arcgis.com/search?tags=safety%2Cpd,1/14/2023,sowdm,X,,,,,,,,,,,,,,,,,,,,,,,,,,,,,,,,,,,,,,,,
Wallkill,New York,https://wallkillpd.org/document-center/data.html,4/25/2022,sowdm,,,,,,,,,,,,,,,,,,Issue #48 and #78,,,,,,,Issue #48 and #78,,,,,,,,,,,,,,,,
North Bergen,New Jersey,,4/25/2022,sowdm,X,,,,,,,,,,,,,,,,,,,,,,,,,,,,,,,,,,,,,,,,
Philadelphia,Pennsylvania,https://www.opendataphilly.org/group/ab08872a-b3a5-4362-a167-74b0acb6ccc1?groups=public-safety-group,1/7/2023,sowdm,,Added,,,,,,,,,Added,Added,,,Added,,,,,Added,Added,,,,Added,,,,,,,,,,,,,,,,
South Bend,Indiana,https://data-southbend.opendata.arcgis.com/search?groupIds=8f846cd64e2c40dc8839ec1b81e67f95,4/25/2022,sowdm,,,,,,,,,,Issue #78,,,,,,,,,,,,,,,,,,,,,,,,,Added,,,,,,
Tacoma,Washington,"https://geohub.cityoftacoma.org/, data.cityoftacoma.org",8/27/2023,sowdm,,,,,,,,Added,,,,,,,,,,,,,,,,,,,,,,,,,,,,,,,,,
Beloit,Wisconsin,http://gouda.beloitwi.gov/WebLink/Browse.aspx?startid=67660&dbid=0,3/16/2023,sowdm,,,,,,,,,,,,,,,,,,,,,,,,,,,,,,,,,,,Added,,,,,,
Fort Lauderdale,Florida,https://fortlauderdale.data.socrata.com/stories/s/Datasets/u4dm-3u2d/,4/25/2022,sowdm,,Added,,,,Added,,Added,,,,,,,,,,Added,,Added,,,,,,,,,,Added,,,,,,,,,,,
Washington D.C.,Washington D.C.,"https://opendata.dc.gov/, https://mpdc.dc.gov/node/1637656",3/16/2023,sowdm,,Added,,,,Added,,,,,,,,,,,,,,Added,,,,,Issue #78,,,,,,,,,,,,,,,,
Miami-Dade,Florida,https://gis-mdc.opendata.arcgis.com/pages/publicsafety,1/3/2023,sowdm,,,,,,,,,,https://gis-mdc.opendata.arcgis.com/datasets/MDC::ufc/about,,,,,,,,,,,,,,,,,,,,,,,,,,,,,,,
Miami,Florida,,4/25/2022,sowdm,X,,,,,,,,,,,,,,,,,,,,,,,,,,,,,,,,,,,,,,,,
Naperville,Illinois,https://data.naperville.il.us/search?categories=public%20safety,4/26/2022,sowdm,X,,,,,,,,,,,,,,,,,,,,,,,,,,,,,,,,,,,,,,,,
Tampa,Florida,https://city-tampa.opendata.arcgis.com/search?tags=Police,4/26/2022,sowdm,X,,,,,,,,,,,,,,,,,,,,,,,,,,,,,,,,,,,,,,,,
Vermont State Police,Vermont,"https://vsp.vermont.gov/communityaffairs/trafficstops, https://data.vermont.gov/browse?limitTo=datasets&q=state+police&sortBy=relevance",3/16/2023,sowdm,,,,,,,,,,,,,,,,,,,,,Added,,,,,,,,,,Added,,,,,,,,,,
Wilton Manors,Florida,,4/26/2022,sowdm,X,,,,,,,,,,,,,,,,,,,,,,,,,,,,,,,,,,,,,,,,
Anchorage,Alaska,https://data.muni.org/browse?category=Public+Safety&limitTo=datasets,4/26/2022,sowdm,X,,,,,,,,,,,,,,,,,,,,,,,,,,,,,,,,,,,,,,,,
Atlanta,Georgia,"https://opendata.atlantaregional.com/search?categories=public%20safety, http://opendataportal.azurewebsites.us/",4/26/2022,sowdm,X,,,,,,,,,,,,,,,,,,,,,,,,,,,,,,,,,,,,,,,,
Johns Creek,Georgia,https://datahub.johnscreekga.gov/search?tags=police,4/26/2022,sowdm,,Added,,,,,,Added,Added,,,,,,,,,,,,,,,,,,,,,,,,,,,,,,,,
East Point,Georgia,https://data-eastpointgis.opendata.arcgis.com/,4/26/2022,sowdm,X,,,,,,,,,,,,,,,,,,,,,,,,,,,,,,,,,,,,,,,,
Sandy Springs,Georgia,https://data-coss.opendata.arcgis.com/search?tags=all(sandy%20springs%2Csafety),4/26/2022,sowdm,X,,,,,,,,,,,,,,,,,,,,,,,,,,,,,,,,,,,,,,,,
Dunwoody,Georgia,https://get-dunwoody.opendata.arcgis.com/search?tags=Police,4/26/2022,sowdm,X,,,,,,,,,,,,,,,,,,,,,,,,,,,,,,,,,,,,,,,,
Decatur,Georgia,https://data-decaturga.opendata.arcgis.com/search,4/26/2022,sowdm,X,,,,,,,,,,,,,,,,,,,,,,,,,,,,,,,,,,,,,,,,
Alpharetta,Georgia,https://open-alpharetta.opendata.arcgis.com/search?tags=public%20safety,4/26/2022,sowdm,X,,,,,,,,,,,,,,,,,,,,,,,,,,,,,,,,,,,,,,,,
Marietta,Georgia,https://data-cityofmarietta.opendata.arcgis.com/search?collection=Dataset,4/26/2022,sowdm,X,,,,,,,,,,,,,,,,,,,,,,,,,,,,,,,,,,,,,,,,
Tucker,Georgia,https://data-tucker-ga.opendata.arcgis.com/,4/26/2022,sowdm,X,,,,,,,,,,,,,,,,,,,,,,,,,,,,,,,,,,,,,,,,
Chamblee,Georgia,https://data-chamblee.opendata.arcgis.com/search?tags=safety,4/26/2022,sowdm,X,,,,,,,,,,,,,,,,,,,,,,,,,,,,,,,,,,,,,,,,
Canton,Georgia,https://map-cantonga.opendata.arcgis.com/search?tags=public%20safety,4/26/2022,sowdm,X,,,,,,,,,,,,,,,,,,,,,,,,,,,,,,,,,,,,,,,,
Brookhaven,Georgia,https://data-brookhavenga.opendata.arcgis.com/search,4/26/2022,sowdm,X,,,,,,,,,,,,,,,,,,,,,,,,,,,,,,,,,,,,,,,,
Auburn,Washington,https://data.auburnwa.gov/browse?category=Public+Safety&limitTo=datasets,4/26/2022,sowdm,X,,,,,,,,,,,,,,,,,,,,,,,,,,,,,,,,,,,,,,,,
Bremerton,Washington,http://www.bremertonwa.gov/991/Statistics,4/26/2022,sowdm,,,,,,,,,Issue #78,,,,,,,,,,,,,,,,,,,,,,,,,,,,,,,,
Gainesville,Florida,https://data.cityofgainesville.org/browse?category=Public+Safety&limitTo=datasets&q=&sortBy=relevance,4/26/2022,sowdm,X,,,,,,,,,,,,,,,,,,,,,,,,,,,,,,,,,,,,,,,,
Hampton,Virginia,https://data.hampton.gov/browse?limitTo=datasets&tags=hpd,4/26/2022,sowdm,X,,,,,,,,,,,,,,,,,,,,,,,,,,,,,,,,,,,,,,,,
Norfolk,Virginia,https://data.norfolk.gov/browse?category=Public+Safety&limitTo=datasets,3/16/2023,sowdm,,,,,,has names,,,,,,,,,,,,,,Added,,,,,,,,,,,,,,,Added,,,,,,
Winchester,Virginia,https://city-of-winchester-open-data-1-winchestercity.hub.arcgis.com/search?tags=safety,4/26/2022,sowdm,X,,,,,,,,,,,,,,,,,,,,,,,,,,,,,,,,,,,,,,,,
Henrico County,Virginia,https://data-henrico.opendata.arcgis.com/search?tags=PublicSafety,4/26/2022,sowdm,,,,,,,,Added,,,,,,,,,,,,,,,,,,,,,,,,,,,,,,,,,
Providence,Rhode Island,https://data.providenceri.gov/browse?category=Public+Safety&limitTo=datasets,4/27/2022,sowdm,X,,,,,,,,,,,,,,,,,,,,,,,,,,,,,,,,,,,,,,,,
St. Louis,Missouri,https://www.stlouis-mo.gov/data/topics/topic.cfm?id=28,4/27/2022,sowdm,X,,,,,,,,,,,,,,,,,,,,,,,,,,,,,,,,,,,,,,,,
St. Louis County,Missouri,https://data.stlouisco.com/search?tags=HubPSData,12/20/2022,sowdm,,,,,,,,,,,,,,,,,,,,,,,,,,,,,,,,,,,Added,,,,,,
Bedford,Virginia,"https://www.bedfordva.gov/1177/Police-Data, https://geohub-bedfordvagis.opendata.arcgis.com/search?groupIds=9c16fc642bdf48baaa79226bcb1545df",4/27/2022,sowdm,X,,,,,,,,,,,,,,,,,,,,,,,,,,,,,,,,,,,,,,,,
Charleston,South Carolina,"https://www.arcgis.com/apps/MapSeries/index.html?appid=fad2a3f085c644d0b014b507d23bcd9a, https://www.charleston-sc.gov/1570/Open-Data",3/16/2023,sowdm,,,,,,Has Addresses,,Has Addresses,,,,,,,,,,,Has Addresses,,,,,,,,,,,Added,,,,,,,,,,,
Long Branch,New Jersey,https://www.longbranch.org/departments/Police/public-safety-open-data,4/27/2022,sowdm,X,,,,,,,,,,,,,,,,,,,,,,,,,,,,,,,,,,,,,,,,
Knoxville,Tennessee,https://www.knoxvilletn.gov/government/opendata,4/27/2022,sowdm,X,,,,,,,,,,,,,,,,,,,,,,,,,,,,,,,,,,,,,,,,
Virginia Beach,Virginia,https://data.virginiabeach.gov/search?q=police&type=table%2Cfeature%20layer,3/16/2023,sowdm,,Added,,,,,,Added,,,,,,,,,,,,Added,,,,,,,,,,,,,,,,,,,,,
Jacksonville,Florida,https://transparency.jaxsheriff.org/,4/27/2022,sowdm,,,,,,,,,,,,,,,,,,,,,Added,,,,,,,,,,,,,,,,,,,,
Los Angeles County,California,https://data.lacounty.gov/browse?category=Public+Safety&limitTo=datasets,4/27/2022,sowdm,,,,,,,,,,,,,,,,,,,,,,Added,Added,Added,,,,,,,,,,,,,,,,,
Redondo Beach,California,https://www.redondo.org/depts/police/police_transparency/default.asp,1/15/2023,sowdm,X,,,,,,,,,,,,,,,,,,,,,,,,,,,,,,,,,,,,,,,,
Sparks,Nevada,https://www.cityofsparks.us/police_home/about_us/reports_and_crime_stats/officer_involved_shootings.php,12/21/2022,sowdm,,,,,,,,,,,,,,,,,,,,,Added,,,,,,,,,,,,,,,,,,,,
Winooski,Vermont,https://www.winooskivt.gov/355/Fair-and-Impartial-Policing-Reporting,3/16/2023,sowdm,,,,,,,,,,,,,,,,,,,,,,,,,,,,,,,Added,,,,,,,,,,
Alexandria,Virginia,https://cityofalexandria-alexgis.opendata.arcgis.com/search?tags=Public%20Safety,5/18/2022,sowdm,X,,,,,,,,,,,,,,,,,,,,,,,,,,,,,,,,,,,,,,,,
Boston,Massachusetts,https://data.boston.gov/dataset?groups=public-safety,3/16/2023,sowdm,,,,,,,,,,,,,,,,,,,Issue #111,Issue #166,,,,,,,,,,,,,,,,,,,,,
Chicago,Illinois,https://data.cityofchicago.org/browse?category=Public%20Safety,3/16/2023,sowdm,,,,,,Added,,,,Added,,,,,,,,,,,,,,,,Added,,,,,,,,,,,,,,,
Birmingham,Alabama,https://data.birminghamal.gov/group/police,5/18/2022,sowdm,X,,,,,,,,,,,,,,,,,,,,,,,,,,,,,,,,,,,,,,,,
Montgomery,Alabama,https://public-safety-citymgm.hub.arcgis.com/,5/18/2022,sowdm,X,,,,,,,,,,,,,,,,,,,,,,,,,,,,,,,,,,,,,,,,
Alabama,Alabama,https://data-algeohub.opendata.arcgis.com/search?groupIds=1cec01ca915147b0b94b8be7868916a0,5/18/2022,sowdm,X,,,,,,,,,,,,,,,,,,,X,,,,,,,,,,,,,,,,,,,,,
Huntsville,Alabama,https://gis-huntsvilleal.opendata.arcgis.com/search?q=police&sort=name,6/29/2022,sowdm,X,,,,,,,,,,,,,,,,,,,,,,,,,,,,,,,,,,,,,,,,
Alaska,Alaska,https://data.alaska.gov/browse?limitTo=datasets,5/18/2022,sowdm,X,,,,,,,,,,,,,,,,,,,,,,,,,,,,,,,,,,,,,,,,
Juneau,Alaska,,5/18/2022,sowdm,X,,,,,,,,,,,,,,,,,,,,,,,,,,,,,,,,,,,,,,,,
Phoenix,Arizona,https://phoenixopendata.com/group/public-safety,3/16/2023,sowdm,,,,,,Added,,Added,,,,,,,,,,Added,,,Added,,,,,,,,,Added,,,,,Added,,,,,,
Scottsdale,Arizona,https://data.scottsdaleaz.gov/search?tags=public-safety,5/18/2022,sowdm,,,,,,Only 1 rolling year of data,,Only 1 rolling year of data,Only 1 rolling year of data,,,,,,,,,,,,,,,,,,,,,,,,,,,,,,,,
Arizona,Arizona,https://azgeo-open-data-agic.hub.arcgis.com/search?q=police,5/18/2022,sowdm,X,,,,,,,,,,,,,,,,,,,,,,,,,,,,,,,,,,,,,,,,
Arkansas,Arkansas,,5/19/2022,sowdm,X,,,,,,,,,,,,,,,,,,,,,,,,,,,,,,,,,,,,,,,,
Little Rock,Arkansas,https://data.littlerock.gov/browse?limitTo=datasets&q=&sortBy=relevance,5/19/2022,sowdm,,,,,,,,Added,,,,,,,,,,,,,,,,,,,,,,,,,,,,,,,,,
Bridgeport,Connecticut,,6/29/2022,sowdm,X,,,,,,,,,,,,,,,,,,,,,,,,,,,,,,,,,,,,,,,,
Colorado,Colorado,https://data.colorado.gov/browse?category=Public+Safety&limitTo=datasets,5/19/2022,sowdm,X,,,,,,,,,,,,,,,,,,,,,,,,,,,,,,,,,,,,,,,,
Boulder,Colorado,https://open-data.bouldercolorado.gov/search?q=police,8/27/2023,sowdm,,Added,,,,Added,,,,,,,,,,,,,,Added,,,,,Issue #111,,,,,,,,,,,,,,,,
Aurora,Colorado,https://data-auroraco.opendata.arcgis.com/search?q=police,5/19/2022,sowdm,X,,,,,,,,,,,,,,,,,,,,,,,,,,,,,,,,,,,,,,,,
Delaware,Delaware,https://data.delaware.gov/browse?category=Public+Safety&limitTo=datasets,5/19/2022,sowdm,,Added,,,,,,,,,,,,,,,,,,,,,,,,,,,,,,,,,,,,,,,
Dover,Delaware,,5/19/2022,sowdm,X,,,,,,,,,,,,,,,,,,,,,,,,,,,,,,,,,,,,,,,,
Wilmington,Delaware,,5/19/2022,sowdm,X,,,,,,,,,,,,,,,,,,,,,,,,,,,,,,,,,,,,,,,,
Florida,Florida,https://geodata.floridagio.gov/,5/19/2022,sowdm,X,,,,,,,,,,,,,,,,,,,,,,,,,,,,,,,,,,,,,,,,
Tallahassee,Florida,https://geodata-tlcgis.opendata.arcgis.com/search?q=police,6/29/2022,sowdm,X,,,,,,,,,,,,,,,,,,,,,,,,,,,,,,,,,,,,,,,,
Georgia,Georgia,https://data.georgia.gov/,5/19/2022,sowdm,X,,,,,,,,,,,,,,,,,,,,,,,,,,,,,,,,,,,,,,,,
Macon,Georgia,,5/19/2022,sowdm,X,,,,,,,,,,,,,,,,,,,,,,,,,,,,,,,,,,,,,,,,
Hawaii,Hawaii,https://opendata.hawaii.gov/group/public-safety-group,5/19/2022,sowdm,X,,,,,,,,,,,,,,,,,,,,,,,,,,,,,,,,,,,,,,,,
Honolulu,Hawaii,https://data.honolulu.gov/browse?category=Public+Safety&limitTo=datasets&utf8=%E2%9C%93,5/19/2022,sowdm,X,,,,,,,,,,,,,,,,,,,,,,,,,,,,,,,,,,,,,,,,
Idaho,Idaho,https://gis-idaho.hub.arcgis.com/,5/19/2022,sowdm,X,,,,,,,,,,,,,,,,,,,,,,,,,,,,,,,,,,,,,,,,
Boise,Idaho,https://opendata.cityofboise.org/search?q=police,5/19/2022,sowdm,,,,,,,,Added,,,,,,,,,,,,,,,,,,,,,,,,,,,,,,,,,
Illinois,Illinois,https://data.illinois.gov/group/safety,5/19/2022,sowdm,X,,,,,,,,,,,,,,,,,,,,,,,,,,,,,,,,,,,,,,,,
Springfield,Illinois,https://springfield.demo.socrata.com/browse?category=Public+Safety&limitTo=datasets,5/19/2022,sowdm,X,,,,,,,,,,,,,,,,,,,,,,,,,,,,,,,,,,,,,,,,
Indiana,Indiana,,5/19/2022,sowdm,X,,,,,,,,,,,,,,,,,,,,,,,,,,,,,,,,,,,,,,,,
Gary,Indiana,,5/19/2022,sowdm,X,,,,,,,,,,,,,,,,,,,,,,,,,,,,,,,,,,,,,,,,
Iowa,Iowa,https://data.iowa.gov/browse?category=Public+Safety&limitTo=datasets,5/19/2022,sowdm,X,,,,,,,,,,,,,,,,,,,,,,,,,,,,,,,,,,,,,,,,
Des Moines,Iowa,,5/19/2022,sowdm,X,,,,,,,,,,,,,,,,,,,,,,,,,,,,,,,,,,,,,,,,
Cedar Rapids,Iowa,,5/19/2022,sowdm,X,,,,,,,,,,,,,,,,,,,,,,,,,,,,,,,,,,,,,,,,
Kansas,Kansas,,5/23/2022,sowdm,X,,,,,,,,,,,,,,,,,,,,,,,,,,,,,,,,,,,,,,,,
Kansas City,Missouri,https://data.kcmo.org/browse?limitTo=datasets&q=police&sortBy=relevance,5/23/2022,sowdm,X,,,,,,,,,,,,,,,,,,,,,,,,,,,,,,,,,,,,,,,,
Topeka,Kansas,https://data.topeka.org/search?q=police,6/29/2022,sowdm,X,,,,,,,,,,,,,,,,,,,,,,,,,,,,,,,,,,,,,,,,
Kentucky,Kentucky,https://opengisdata.ky.gov/,5/25/2022,sowdm,X,,,,,,,,,,,,,,,,,,,,,,,,,,,,,,,,,,,,,,,,
Lexington,Kentucky,https://data.lexingtonky.gov/search?q=police,5/25/2022,sowdm,X,,,,,,,,,,,,,,,,,,,,,,,,,,,,,,,,,,,,,,,,
Frankfort,Kentucky,,5/25/2022,sowdm,X,,,,,,,,,,,,,,,,,,,,,,,,,,,,,,,,,,,,,,,,
Louisiana,Louisiana,,5/25/2022,sowdm,X,,,,,,,,,,,,,,,,,,,,,,,,,,,,,,,,,,,,,,,,
Baton Rouge,Louisiana,https://data.brla.gov/browse?limitTo=datasets&q=police&sortBy=relevance,1/18/2023,sowdm,,Issue #131,,,,,,,,,,,,,,,,,,Issue #131,,,,,,,,,,,,,,,,,,,,,
Shreveport,Louisiana,,5/25/2022,sowdm,X,,,,,,,,,,,,,,,,,,,,,,,,,,,,,,,,,,,,,,,,
Maine,Maine,,5/25/2022,sowdm,X,,,,,,,,,,,,,,,,,,,,,,,,,,,,,,,,,,,,,,,,
Richmond County Sheriff,Georgia,https://geohub-augustagis.opendata.arcgis.com/pages/opendata,5/25/2022,sowdm,X,,,,,,,,,,,,,,,,,,,,,,,,,,,,,,,,,,,,,,,,
Augusta,Maine,,5/25/2022,sowdm,X,,,,,,,,,,,,,,,,,,,,,,,,,,,,,,,,,,,,,,,,
Maryland,Maryland,https://opendata.maryland.gov/browse?category=public+safety&limitTo=datasets,5/26/2022,sowdm,,,https://opendata.maryland.gov/stories/s/ggbs-m2rv,X,X,,,,,,,,,,,,,,,,,,,,,,,,,,,,,,,,,,,,
Annapolis,Maryland,,5/26/2022,sowdm,X,,,,,,,,,,,,,,,,,,,,,,,,,,,,,,,,,,,,,,,,
Massachusetts,Massachusetts,https://www.mass.gov/orgs/post-commission,10/18/2023,sowdm,,,,,,,,,,,,,,,,,Added,,Added,,,,,,,,,,,,,,,,,,,,,,
San Diego County Sheriff,California,https://www.sdsheriff.gov/resources/open-data,1/15/2023,sowdm,X,,,,,,,,,,,,,,,,,,,,,,,,,,,,,,,,,,,,,,,,
Norman,Oklahoma,https://www.normanok.gov/public-safety/police-department/open-data-portal,3/22/2023,sowdm,,,,,,Issue #78,,,Issue #78,Issue #78,,,,,,,,,Issue #78,,,,,,,,,,,,,,,,Issue #78,,,,,,
Michigan,Michigan,data.michigan.gov,6/29/2022,sowdm,X,,,,,,,,,,,,,,,,,,,,,,,,,,,,,,,,,,,,,,,,
Detroit,Michigan,https://data.detroitmi.gov/search?q=police,6/29/2022,sowdm,,,,,,,,Added,,Added,,,,,,,,,,Added,,,,,,,,,,,,,,,,,,,,,
Lansing,Michigan,https://data-lansing.opendata.arcgis.com/search?tags=Police,6/29/2022,sowdm,,,,,,,,,,Added,,,,,,,,,,,Added,,,,,,,,,,Added,,,,,,,,,,
Bridgeport,West Virginia,https://data-cobwv.opendata.arcgis.com/search?q=police,6/29/2022,sowdm,X,,,,,,,,,,,,,,,,,,,,,,,,,,,,,,,,,,,,,,,,
Minnesota,Minnesota,https://www.state.mn.us/opendata/data.html#publicsafety,6/29/2022,sowdm,X,,,,,,,,,,,,,,,,,,,,,,,,,,,,,,,,,,,,,,,,
St. Paul,Minnesota,https://information.stpaul.gov/search?q=police,6/29/2022,sowdm,,,,,,,,,Added,,,,,,,,,,,,,,,,,,,,,,Added,,,,,,,,,,
Minneapolis,Minnesota,https://opendata.minneapolismn.gov/search?q=police,3/22/2023,sowdm,,,,,,,,,,,,,,,,,,,,Added,Added,,,,Added,,,,,,,,,,Added,,,,,,
Duluth,Minnesota,https://data-duluthmn.opendata.arcgis.com/search?q=police,6/29/2022,sowdm,X,,,,,,,,,,,,,,,,,,,,,,,,,,,,,,,,,,,,,,,,
Mississippi,Mississippi,https://opendata.gis.ms.gov/search?q=police,6/29/2022,sowdm,X,,,,,,,,,,,,,,,,,,,,,,,,,,,,,,,,,,,,,,,,
Jackson,Mississippi,https://open.jacksonms.gov/dataset?q=police,6/29/2022,sowdm,X,,,,,,,,,,,,,,,,,,,,,,,,,,,,,,,,,,,,,,,,
Missouri,Missouri,https://data.mo.gov/browse?limitTo=datasets&q=police&sortBy=relevance,6/29/2022,sowdm,X,,,,,,,,,,,,,,,,,,,,,,,,,,,,,,,,,,,,,,,,
Jefferson City,Missouri,,6/29/2022,sowdm,X,,,,,,,,,,,,,,,,,,,,,,,,,,,,,,,,,,,,,,,,
Flint,Michigan,,7/18/2022,sowdm,X,,,,,,,,,,,,,,,,,,,,,,,,,,,,,,,,,,,,,,,,
Camden County,New Jersey,https://camdencountynj-ccdpw.opendata.arcgis.com/search?q=police,7/18/2022,sowdm,X,,,,,,,,,,,,,,,,,,,,,,,,,,,,,,,,,,,,,,,,
Gilbert,Arizona,https://data.gilbertaz.gov/search?q=police,8/16/2022,sowdm,,,,,,,,Added,,,,,,,,,,Added,,,,,,,,,,,,,,,,,,,,,,,
Anaheim,California,https://main-anaheim.opendata.arcgis.com/search?q=police,1/15/2023,sowdm,X,,,,,,,,,,,,,,,,,,,,,,,,,,,,,,,,,,,,,,,,
Bakersfield,California,https://bakersfielddatalibrary-cob.opendata.arcgis.com/search?q=police,1/15/2023,sowdm,X,,,,,,,,,,,,,,,,,,,,,,,,,,,,,,,,,,,,,,,,
Long Beach,California,https://data.longbeach.gov/explore/?q=police&sort=modified,8/16/2022,sowdm,,,,,,,,,,,,,,,,,,,,,,,,,Issue #49,,,,,,,,,,,,,,,,
Oakland,California,"https://data.oaklandca.gov/browse?limitTo=datasets&q=police&sortBy=relevance, https://www.oaklandca.gov/topics/police-data",8/16/2022,sowdm,,,,,,,,Issue #78,,,,,,,,,,,,,,,,,Issue #78,,,,,,,,,,Added,,,,,,
San Bernadino County,California,https://open.sbcounty.gov/search?q=police,8/16/2022,sowdm,X,,,,,,,,,,,,,,,,,,,,,,,,,,,,,,,,,,,,,,,,
San Bernadino ,California,,8/16/2022,sowdm,X,,,,,,,,,,,,,,,,,,,,,,,,,,,,,,,,,,,,,,,,
San Jose,California,https://data.sanjoseca.gov/dataset?q=police,3/22/2023,sowdm,,Added,,,,,,Added,,,,,,,,,,,,,,,,,,,,,,,,,,,,,,,,,
Santa Ana,California,https://gis-santa-ana.opendata.arcgis.com/search?q=police,8/16/2022,sowdm,X,,,,,,,,,,,,,,,,,,,,,,,,,,,,,,,,,,,,,,,,
Stockton,California,https://data.stocktonca.gov/browse?limitTo=datasets&q=police&sortBy=relevance,8/16/2022,sowdm,X,,,,,,,,,,,,,,,,,,,,,,,,,,,,,,,,,,,,,,,,
Saint Petersburg,Florida,https://stat.stpete.org/browse?limitTo=datasets&q=police&sortBy=relevance,8/16/2022,sowdm,,,,,,,,Added,,,,,,,,,,,,,,,,,,,,,,,,,,,,,,,,,
Fort Wayne,Indiana,,8/16/2022,sowdm,X,,,,,,,,,,,,,,,,,,,,,,,,,,,,,,,,,,,,,,,,
Montana,Montana,https://data.mt.gov/Datasets?search=police,8/16/2022,sowdm,X,,,,,,,,,,,,,,,,,,,,,,,,,,,,,,,,,,,,,,,,
Helena,Montana,https://gisdata-helenamtmaps.opendata.arcgis.com/search?q=police,8/16/2022,sowdm,X,,,,,,,,,,,,,,,,,,,,,,,,,,,,,,,,,,,,,,,,
Bozeman,Montana,https://public-bozeman.opendata.arcgis.com/search?q=police,8/16/2022,sowdm,,,,,,,,Added,,,,,,,,,,,,,,,,,,,,,,,,,,,,,,,,,
Nebraska,Nebraska,https://www.nebraska.gov/government/open-data/#gsc.tab=0,8/17/2022,sowdm,X,,,,,,,,,,,,,,,,,,,,,,,,,,,,,,,,,,,,,,,,
Omaha,Nebraska,https://data-dogis.opendata.arcgis.com/search?q=police,8/17/2022,sowdm,X,,,,,,,,,,,,,,,,,,,,,,,,,,,,,,,,,,,,,,,,
Nevada,Nevada,,8/17/2022,sowdm,X,,,,,,,,,,,,,,,,,,,,,,,,,,,,,,,,,,,,,,,,
Las Vegas,Nevada,"https://opendataportal-lasvegas.opendata.arcgis.com/search?q=police, https://opendata-lvmpd.hub.arcgis.com/",8/17/2022,sowdm,,,,,,,,Added,,,,,,,,,,,,,,,,,,,,,,,,,,,,,,,,,
Reno,Nevada,https://data-cityofreno.opendata.arcgis.com/search?q=police,8/17/2022,sowdm,X,,,,,,,,,,,,,,,,,,,,,,,,,,,,,,,,,,,,,,,,
Carson City,Nevada,https://data-carsoncity.opendata.arcgis.com/search?q=police,8/17/2022,sowdm,X,,,,,,,,,,,,,,,,,,,,,,,,,,,,,,,,,,,,,,,,
Henderson,Nevada,https://opendata.cityofhenderson.com/browse?q=police&sortBy=relevance,8/17/2022,sowdm,X,,,,,,,,,,,,,,,,,,,,,,,,,,,,,,,,,,,,,,,,
New Hampshire,New Hampshire,,8/17/2022,sowdm,X,,,,,,,,,,,,,,,,,,,,,,,,,,,,,,,,,,,,,,,,
Concord,New Hampshire,,8/17/2022,sowdm,X,,,,,,,,,,,,,,,,,,,,,,,,,,,,,,,,,,,,,,,,
Manchester,New Hampshire,https://www.manchesternh.gov/Departments/Police/Administrative-Division/Crime-Data/Police-Public-Data-Dashboard,8/17/2022,sowdm,X,,,,,,,,,,,,,,,,,,,,,,,,,,,,,,,,,,,,,,,,
Trenton,New Jersey,,8/17/2022,sowdm,X,,,,,,,,,,,,,,,,,,,,,,,,,,,,,,,,,,,,,,,,
Newark,New Jersey,https://data.ci.newark.nj.us/dataset?q=police,8/17/2022,sowdm,X,,,,,,,,,,,,,,,,,,,,,,,,,,,,,,,,,,,,,,,,
Atlantic City,New Jersey,,8/17/2022,sowdm,X,,,,,,,,,,,,,,,,,,,,,,,,,,,,,,,,,,,,,,,,
New Mexico,New Mexico,,8/17/2022,sowdm,X,,,,,,,,,,,,,,,,,,,,,,,,,,,,,,,,,,,,,,,,
Albuquerque,New Mexico,https://www.cabq.gov/abq-data,8/17/2022,sowdm,X,,,,,,,,,,,,,,,,,,,,,,,,,,,,,,,,,,,,,,,,
Santa Fe,New Mexico,,8/17/2022,sowdm,X,,,,,,,,,,,,,,,,,,,,,,,,,,,,,,,,,,,,,,,,
New York,New York,https://data.ny.gov/browse?limitTo=datasets&q=police&sortBy=relevance,8/17/2022,sowdm,X,,,,,,,,,,,,,,,,,,,,,,,,,,,,,,,,,,,,,,,,
Buffalo,New York,https://data.buffalony.gov/browse?limitTo=datasets&q=police&sortBy=relevance,8/17/2022,sowdm,,,,,,,,,,,,,,,,,,,,,,,,,,,,,,Added,,Added,Added,,,,,,,,
Albany,New York,https://data.albanyny.gov/browse?limitTo=datasets&q=police&sortBy=relevance,8/18/2022,sowdm,,,,,,Added,,Added,,Added,,,,,,,,,Added,Added,,,,,,,,,,Added,,,,,Added,,,,,,
North Carolina,North Carolina,,8/18/2022,sowdm,X,,,,,,,,,,,,,,,,,,,,,,,,,,,,,,,,,,,,,,,,
Raleigh,North Carolina,https://data.raleighnc.gov/search?collection=Dataset&q=police,8/18/2022,sowdm,X,,,,,,,,,,,,,,,,,,,,,,,,,,,,,,,,,,,,,,,,
Durham,North Carolina,https://live-durhamnc.opendata.arcgis.com/search?q=police,3/22/2023,sowdm,,,,,,Added,,Added,,,,,,,,,,,,Added,,,,,,,,,,,,,,,,,,,,,
Winston-Salem,North Carolina,,8/18/2022,sowdm,X,,,,,,,,,,,,,,,,,,,,,,,,,,,,,,,,,,,,,,,,
Greensboro,North Carolina,https://data.greensboro-nc.gov/search?q=police,8/18/2022,sowdm,,,,,,,,,,,,,,,,,,,,,,,,,,,,,,,Added,,,,,,,Added,Added,,
Bismarck,North Dakota,https://public-bismarck.opendata.arcgis.com/search?q=police,8/18/2022,sowdm,X,,,,,,,,,,,,,,,,,,,,,,,,,,,,,,,,,,,,,,,,
North Dakota,North Dakota,https://gishubdata-ndgov.hub.arcgis.com/search?q=police,,,X,,,,,,,,,,,,,,,,,,,,,,,,,,,,,,,,,,,,,,,,
Fargo,North Dakota,,8/18/2022,sowdm,X,,,,,,,,,,,,,,,,,,,,,,,,,,,,,,,,,,,,,,,,
Grand Forks,North Dakota,https://data-gfgis.opendata.arcgis.com/search?q=police,8/18/2022,sowdm,X,,,,,,,,,,,,,,,,,,,,,,,,,,,,,,,,,,,,,,,,
Ohio,Ohio,https://data.ohio.gov/wps/portal/gov/data/home,8/18/2022,sowdm,X,,,,,,,,,,,,,,,,,,,,,,,,,,,,,,,,,,,,,,,,
Cleveland,Ohio,,8/18/2022,sowdm,X,,,,,,,,,,,,,,,,,,,,,,,,,,,,,,,,,,,,,,,,
Columbus,Ohio,https://opendata.columbus.gov/search?q=police,8/18/2022,sowdm,X,,,,,,,,,,,,,,,,,,,,,,,,,,,,,,,,,,,,,,,,
Toledo,Ohio,https://data.toledo.gov/search?q=police,8/18/2022,sowdm,X,,,,,,,,,,,,,,,,,,,,,,,,,,,,,,,,,,,,,,,,
Dayton,Ohio,https://dayton-transparency-portal-1-daytonohio.hub.arcgis.com/,8/18/2022,sowdm,,,,,,Added,,,,,,,,,,,,,,,Added,,,,,,,,,,,,,,Added,,,,,,
Akron,Ohio,,8/19/2022,sowdm,X,,,,,,,,,,,,,,,,,,,,,,,,,,,,,,,,,,,,,,,,
Canton,Ohio,,8/19/2022,sowdm,X,,,,,,,,,,,,,,,,,,,,,,,,,,,,,,,,,,,,,,,,
Canton,Georgia,https://map-cantonga.opendata.arcgis.com/search?q=police,8/19/2022,sowdm,X,,,,,,,,,,,,,,,,,,,,,,,,,,,,,,,,,,,,,,,,
Oklahoma,Oklahoma,https://data.ok.gov/dataset?q=police,8/19/2022,sowdm,X,,,,,,,,,,,,,,,,,,,,,,,,,,,,,,,,,,,,,,,,
Oklahoma City,Oklahoma,https://data.okc.gov/portal/page/start,8/19/2022,sowdm,X,,,,,,,,,,,,,,,,,,,,,,,,,,,,,,,,,,,,,,,,
Tulsa,Oklahoma,https://gis2-cityoftulsa.opendata.arcgis.com/search?q=police,8/19/2022,sowdm,X,,,,,,,,,,,,,,,,,,,,,,,,,,,,,,,,,,,,,,,,
Oregon,Oregon,https://data.oregon.gov/browse?q=police&sortBy=relevance,8/19/2022,sowdm,X,,,,,,,,,,,,,,,,,,,,,,,,,,,,,,,,,,,,,,,,
Salem,Oregon,https://data.cityofsalem.net/search?q=police,8/19/2022,sowdm,X,,,,,,,,,,,,,,,,,,,,,,,,,,,,,,,,,,,,,,,,
Bend,Oregon,,8/19/2022,sowdm,X,,,,,,,,,,,,,,,,,,,,,,,,,,,,,,,,,,,,,,,,
Eugene,Oregon,https://gis-eugene-pwe.opendata.arcgis.com/search?q=police,8/19/2022,sowdm,X,,,,,,,,,,,,,,,,,,,,,,,,,,,,,,,,,,,,,,,,
Pennsylvania,Pennsylvania,https://gis-eugene-pwe.opendata.arcgis.com/search?q=police,8/19/2022,sowdm,X,,,,,,,,,,,,,,,,,,,,,,,,,,,,,,,,,,,,,,,,
Pittsburgh,Pennsylvania,https://data.wprdc.org/organization/city-of-pittsburgh?page=1,8/22/2022,sowdm,,,,,,Added,,,,,,,,,,,,,,,,,,,,,Added,,,,,,,,,,,,,,
Erie,Pennsylvania,,8/22/2022,sowdm,X,,,,,,,,,,,,,,,,,,,,,,,,,,,,,,,,,,,,,,,,
Harrisburg,Pennsylvania,https://harrisburg-open-data-cohbg.opendata.arcgis.com/search?q=police,8/22/2022,sowdm,X,,,,,,,,,,,,,,,,,,,,,,,,,,,,,,,,,,,,,,,,
Rhode Island,Rhode Island,,8/22/2022,sowdm,X,,,,,,,,,,,,,,,,,,,,,,,,,,,,,,,,,,,,,,,,
South Carolina,South Carolina,,8/22/2022,sowdm,X,,,,,,,,,,,,,,,,,,,,,,,,,,,,,,,,,,,,,,,,
Columbia,South Carolina,https://coc-colacitygis.opendata.arcgis.com/search?q=police,8/22/2022,sowdm,,,,,,Added,,,,,,,,,,,,,,,,,,,,,,,,,,,,,,,,,,,
South Dakota,South Dakota,,8/22/2022,sowdm,X,,,,,,,,,,,,,,,,,,,,,,,,,,,,,,,,,,,,,,,,
Pierre,South Dakota,,8/22/2022,sowdm,X,,,,,,,,,,,,,,,,,,,,,,,,,,,,,,,,,,,,,,,,
Sioux Falls,South Dakota,https://dataworks.siouxfalls.org/search?q=police,8/22/2022,sowdm,X,,,,,,,,,,,,,,,,,,,,,,,,,,,,,,,,,,,,,,,,
Tennessee,Tennessee,https://data.tn.gov/dataset,8/22/2022,sowdm,X,,,,,,,,,,,,,,,,,,,,,,,,,,,,,,,,,,,,,,,,
Memphis,Tennessee,https://data.memphistn.gov/browse?q=police&sortBy=relevance,3/22/2023,sowdm,,,,,,,,,,,,,,,,,,,,Added,,,,,,,,,,,,,,,,,,,,,
Nashville,Tennessee,https://data.nashville.gov/browse?limitTo=datasets&q=police&sortBy=relevance,8/22/2022,sowdm,,,,,,,,Added,,,,,,,,,,,,,,,,,,,,,,,,,,,,,,,,,
Texas,Texas,https://data.texas.gov/browse?Dataset-Category_Category-Tile=Public+Safety&limitTo=datasets,8/23/2022,sowdm,X,,,,,,,,,,,,,,,,,,,,,,,,,,,,,,,,,,,,,,,,
Houston,Texas,https://policetransparency-mycity.hub.arcgis.com/#datadashboards,8/23/2022,sowdm,X,,,,,,,,,,,,,,,,,,,,,,,,,,,,,,,,,,,,,,,,
San Antonio,Texas,"https://data.sanantonio.gov/dataset?q=police, https://www.sanantonio.gov/SAPD/SAPD-Open-Data-Initiative",8/23/2022,sowdm,X,,,,,,,,,,,,,,,,,,,,,,,,,,,,,,,,,,,,,,,,
El Paso,Texas,,8/23/2022,sowdm,X,,,,,,,,,,,,,,,,,,,,,,,,,,,,,,,,,,,,,,,,
Fort Worth,Texas,https://data.fortworthtexas.gov/browse?limitTo=datasets&q=police,8/23/2022,sowdm,X,,,,,,,,,,,,,,,,,,,,,,,,,,,,,,,,,,,,,,,,
Arlington,Texas,https://opendata.arlingtontx.gov/search?q=police,8/23/2022,sowdm,X,,,,,,,,,,,,,,,,,,,,,,,,,,,,,,,,,,,,,,,,
Garland,Texas,https://data-garland.opendata.arcgis.com/search?q=police,8/23/2022,sowdm,X,,,,,,,,,,,,,,,,,,,,,,,,,,,,,,,,,,,,,,,,
Lubbock,Texas,,8/23/2022,sowdm,X,,,,,,,,,,,,,,,,,,,,,,,,,,,,,,,,,,,,,,,,
Plano,Texas,https://dashboard.plano.gov/stories/s/Plano-Police/9kjp-ac4p/,8/23/2022,sowdm,X,,,,,,,,,,,,,,,,,,,,,,,,,,,,,,,,,,,,,,,,
Utah,Utah,https://opendata.utah.gov/browse?limitTo=datasets&q=police&sortBy=relevance,8/23/2022,sowdm,X,,,,,,,,,,,,,,,,,,,,,,,,,,,,,,,,,,,,,,,,
Montpelier,Vermont,,8/23/2022,sowdm,X,,,,,,,,,,,,,,,,,,,,,,,,,,,,,,,,,,,,,,,,
Washington,Washington,https://data.wa.gov/browse?limitTo=datasets&q=police,8/23/2022,sowdm,X,,,,,,,,,,,,,,,,,,,,,,,,,,,,,,,,,,,,,,,,
Spokane,Washington,"https://spokaneopendata.org/search/, https://data-spokane.opendata.arcgis.com/search?q=police",8/23/2022,sowdm,X,,,,,,,,,,,,,,,,,,,,,,,,,,,,,,,,,,,,,,,,
Olympia,Washington,,8/23/2022,sowdm,X,,,,,,,,,,,,,,,,,,,,,,,,,,,,,,,,,,,,,,,,
Wisconsin,Wisconsin,,8/23/2022,sowdm,X,,,,,,,,,,,,,,,,,,,,,,,,,,,,,,,,,,,,,,,,
Milwaukee,Wisconsin,"https://data.milwaukee.gov/dataset?q=police, https://data.milwaukee.gov/organization/fire-and-police-commission",3/22/2023,sowdm,,,,,,,,,,Issue #78,,,,,,,,,,,,,,,,,,,,,Issue #78,,,,,,,,,,
Madison,Wisconsin,https://data-cityofmadison.opendata.arcgis.com/search?q=police,8/23/2022,sowdm,X,,,,,,,,,,,,,,,,,,,,,,,,,,,,,,,,,,,,,,,,
Wyoming,Wyoming,,8/23/2022,sowdm,X,,,,,,,,,,,,,,,,,,,,,,,,,,,,,,,,,,,,,,,,
Cheyenne,Wyoming,,8/23/2022,sowdm,X,,,,,,,,,,,,,,,,,,,,,,,,,,,,,,,,,,,,,,,,
West Virginia,West Virginia,,8/24/2022,sowdm,X,,,,,,,,,,,,,,,,,,,,,,,,,,,,,,,,,,,,,,,,
Charleston,West Virginia,,8/24/2022,sowdm,X,,,,,,,,,,,,,,,,,,,,,,,,,,,,,,,,,,,,,,,,
Berkeley,California,https://data.cityofberkeley.info/browse?limitTo=datasets&q=police,1/15/2023,sowdm,,,,,,,,,,,,,,,,,,,,,,,,,"Issue #131 – 1 dataset already included, I think",,,,,,,,,,,,,,,,
California City,California,,8/24/2022,sowdm,X,,,,,,,,,,,,,,,,,,,,,,,,,,,,,,,,,,,,,,,,
Cambridge,Massachusetts,https://data.cambridgema.gov/browse?limitTo=datasets&q=police,3/28/2023,sowdm,,Added,,,,,,Added,Added,,,,,,,,,,,Added,,,,,,,,,,,,,,,,,,,,,
Chattanooga,Tennessee,https://www.chattadata.org/browse?limitTo=datasets&q=police&sortBy=relevance,8/27/2023,sowdm,,,,,,Added,,,Multi-agency: https://www.chattadata.org/Public-Safety/City-Court-Citations-Detailed/th6b-88wc,Added,,,,,,,,,,,,,,,,,,,,,,,,,,,,,,,
Chula Vista,California,https://www.chulavistaca.gov/departments/police-department/opendata-documents,1/15/2023,sowdm,X,,,,,,,,,,,,,,,,,,,,,,,,,,,,,,,,,,,,,,,,
Coeur d'Alene,Idaho,,8/24/2022,sowdm,X,,,,,,,,,,,,,,,,,,,,,,,,,,,,,,,,,,,,,,,,
Columbia,Missouri,https://www.como.gov/police/data-reporting-forms/,3/28/2023,sowdm,,,,,,,,,,,,,,,,,,,,,,,,,,,,,,,Added,,,,,,,,,,
Corona,California,https://corstat.coronaca.gov/browse?limitTo=datasets&q=police&sortBy=relevance,1/15/2023,sowdm,,,,,,,,Added,,,,,,,,,,,,,,,,,,,,,,,,,,,,,,,,,
Cuyahoga County,Ohio,https://data-cuyahoga.opendata.arcgis.com/search?q=police,8/24/2022,sowdm,X,,,,,,,,,,,,,,,,,,,,,,,,,,,,,,,,,,,,,,,,
Danville,Virginia,https://data-danvillegis.opendata.arcgis.com/search?q=police,8/24/2022,sowdm,X,,,,,,,,,,,,,,,,,,,,,,,,,,,,,,,,,,,,,,,,
Doral,Florida,,8/24/2022,sowdm,X,,,,,,,,,,,,,,,,,,,,,,,,,,,,,,,,,,,,,,,,
Easthampton,Massachusetts,,8/24/2022,sowdm,X,,,,,,,,,,,,,,,,,,,,,,,,,,,,,,,,,,,,,,,,
Falls Church,Virginia,https://opendata-fallschurch.opendata.arcgis.com/search?q=police,8/24/2022,sowdm,X,,,,,,,,,,,,,,,,,,,,,,,,,,,,,,,,,,,,,,,,
Fayetteville,Arkansas,https://data-fayetteville-ar.opendata.arcgis.com/search?q=police,8/24/2022,sowdm,X,,,,,,,,,,,,,,,,,,,,,,,,,,,,,,,,,,,,,,,,
Floral Park,Florida,,8/24/2022,sowdm,X,,,,,,,,,,,,,,,,,,,,,,,,,,,,,,,,,,,,,,,,
Gulf Shores,Alabama,,8/24/2022,sowdm,X,,,,,,,,,,,,,,,,,,,,,,,,,,,,,,,,,,,,,,,,
Harlingen ,Texas,,8/24/2022,sowdm,X,,,,,,,,,,,,,,,,,,,,,,,,,,,,,,,,,,,,,,,,
Las Cruces,New Mexico,https://www.las-cruces.org/1413/Annual-Reports,8/24/2022,sowdm,X,,,,,,,,,,,,,,,,,,,,,,,,,,,,,,,,,,,,,,,,
Maui County,Hawaii,,9/7/2022,sowdm,X,,,,,,,,,,,,,,,,,,,,,,,,,,,,,,,,,,,,,,,,
Menlo Park,California,https://data.menlopark.org/search?tags=Police,3/28/2023,sowdm,,Added,,,,,,Added,Added,,,,,,,,,Added,,,,,,,Added,,,,,,,,,,,,,,,,
Middle Township,New Jersey,,9/7/2022,sowdm,X,,,,,,,,,,,,,,,,,,,,,,,,,,,,,,,,,,,,,,,,
Mount Juliet,Tennessee,http://www.mjpd.org/433/Data-Initiative,9/7/2022,sowdm,X,,,,,,,,,,,,,,,,,,,,,,,,,,,,,,,,,,,,,,,,
Norristown,Pennsylvania,https://www.norristown.org/240/Police-Data-Initiative,3/28/2023,sowdm,,,,,,,,,,,,,,,,,,,,,,,,,,,,,,,,,,,Added,,,,,,
Oak Creek,Wisconsin,,9/7/2022,sowdm,X,,,,,,,,,,,,,,,,,,,,,,,,,,,,,,,,,,,,,,,,
Oakland County,Michigan,https://portal.arxcommunity.com/dashboards/community/mi-co-oakland-so,9/7/2022,sowdm,X,,,,,,,,,,,,,,,,,,,,,,,,,,,,,,,,,,,,,,,,
Dearboan,Michigan,https://portal.arxcommunity.com/dashboards/community/mi-ci-dearborn-pd,9/7/2022,sowdm,X,,,,,,,,,,,,,,,,,,,,,,,,,,,,,,,,,,,,,,,,
Piqua,Ohio,,9/7/2022,sowdm,X,,,,,,,,,,,,,,,,,,,,,,,,,,,,,,,,,,,,,,,,
Pittsfield,Massachusetts,https://www.pittsfieldpd.org/open-data-portal/,3/28/2023,sowdm,,Added,,,,Added,,Added,,,,,,,,,,,,,,,,,,,,,,,,,,,,,,,,,
Rancho Cucamonga,California,https://rcdata-regis.opendata.arcgis.com/search?q=police,9/7/2022,sowdm,X,,,,,,,,,,,,,,,,,,,,,,,,,,,,,,,,,,,,,,,,
Richmond,California,https://www.transparentrichmond.org/browse?limitTo=datasets&q=police&sortBy=relevance,9/7/2022,sowdm,,,,,,,,Added,Added,Added,,,,,,,,,,,,,,,Added,,,,,,,,,,Added,,,,,Added,
Rutland,Vermont,http://www.rutlandcitypolice.com/open-data/,3/28/2023,sowdm,,,,,,,,,,,,,,,,,,,,,,,,,,,,,,,Added,,,,Added,,,,,,
Santa Clara County,California,https://data.sccgov.org/browse?q=police&sortBy=relevance,9/7/2022,sowdm,X,,,,,,,,,,,,,,,,,,,,,,,,,,,,,,,,,,,,,,,,
Santa Clara,California,,9/7/2022,sowdm,X,,,,,,,,,,,,,,,,,,,,,,,,,,,,,,,,,,,,,,,,
Santa Rosa,California,https://data-santarosa.opendata.arcgis.com/search?q=police,3/28/2023,sowdm,,,,,,,,Added,,Added,,,,,,,,,,,,,,,,,,,,,,,,,Added,,,,,Added,
St. John,Indiana,https://stjohnin.gov/PD/PDI/,3/28/2023,sowdm,,,,,,Added,,Added,,,,,,,,,,Added,,,,,,,,,,,,Added,,,Added,,,,,,,,
Taunton,Massachusetts,,9/8/2022,sowdm,X,,,,,,,,,,,,,,,,,,,,,,,,,,,,,,,,,,,,,,,,
Tyrone,Georgia,http://www.tyronepd.org/stats.html,9/8/2022,sowdm,X,,,,,,,,,,,,,,,,,,,,,,,,,,,,,,,,,,,,,,,,
Vacaville,California,"https://data-cov.opendata.arcgis.com/search?q=police, https://vacavilletransparencyportal.com/",9/8/2022,sowdm,X,,,,,,,,,,,,,,,,,,,,,,,,,,,,,,,,,,,,,,,,
Elgin,Illinois,https://epdopendata-cityofelgin.hub.arcgis.com/,11/29/2022,sowdm,X,,,,,,,,,,,,,,,,,,,,,,,,,,,,,,,,,,,,,,,,
San Marcos,Texas,,12/29/2022,sowdm,X,,,,,,,,,,,,,,,,,,,,,,,,,,,,,,,,,,,,,,,,
Fresno,California,https://gis-cityoffresno.hub.arcgis.com/search?q=police,1/3/2023,sowdm,X,,,,,,,,,,,,,,,,,,,,,,,,,,,,,,,,,,,,,,,,
Fremont,California,"https://fremont-ca-open-data-cofgis.hub.arcgis.com/search?q=police, https://www.fremontpolice.gov/about-us/transparency-portal",1/3/2023,sowdm,X,,,,,,,,,,,,,,,,,,,,,,,,,,,,,,,,,,,,,,,,
Colorado Springs,Colorado,https://policedata.coloradosprings.gov/,3/28/2023,sowdm,,Added,,,,Added,,,Added,,,,,,,,,Added,,Added,Added,,,,,,,,,,,,,,Added,,,,,,
Bellingham,Washington,,1/3/2023,sowdm,X,,,,,,,,,,,,,,,,,,,,,,,,,,,,,,,,,,,,,,,,
Urbana,Illinois,https://data.urbanaillinois.us/browse?limitTo=datasets&q=police&sortBy=relevance,1/17/2023,sowdm,,,,,,Added,,,,,,,,,,,,,,Added,,,,,,Added,,,,,Added,,,,,,,,,,
Champaign ,Illinois,,1/17/2023,sowdm,X,,,,,,,,,,,,,,,,,,,,,,,,,,,,,,,,,,,,,,,,
Vermont,Vermont,https://data.vermont.gov/browse?q=traffic%20stop&sortBy=relevance,1/17/2023,sowdm,,,,,,,,,,,,,,,,,,,,,,,,,,,,,,,X,,,,,,,,,,
Groton,Vermont,https://data.vermont.gov/browse?q=traffic%20stop&sortBy=relevance,1/17/2023,sowdm,,,,,,,,,,,,,,,,,,,,,,,,,,,,,,,X,,,,,,,,,,
St. Albans,Vermont,https://data.vermont.gov/browse?q=traffic%20stop&sortBy=relevance,1/17/2023,sowdm,,,,,,,,,,,,,,,,,,,,,,,,,,,,,,,X,,,,,,,,,,
Hartford,Vermont,https://data.vermont.gov/browse?q=traffic%20stop&sortBy=relevance,1/17/2023,sowdm,,,,,,,,,,,,,,,,,,,,,,,,,,,,,,,X,,,,,,,,,,
Windsor,Vermont,https://data.vermont.gov/browse?q=traffic%20stop&sortBy=relevance,1/17/2023,sowdm,,,,,,,,,,,,,,,,,,,,,,,,,,,,,,,X,,,,,,,,,,
Norwich,Vermont,https://data.vermont.gov/browse?q=traffic%20stop&sortBy=relevance,1/17/2023,sowdm,,,,,,,,,,,,,,,,,,,,,,,,,,,,,,,X,,,,,,,,,,
Essex,Vermont,https://data.vermont.gov/browse?q=traffic%20stop&sortBy=relevance,1/17/2023,sowdm,,,,,,,,,,,,,,,,,,,,,,,,,,,,,,,X,,,,,,,,,,
Colchester,Vermont,"https://data.vermont.gov/browse?q=traffic%20stop&sortBy=relevance, https://www.colchestervt.gov/680/Fair-and-Impartial-Policing",1/17/2023,sowdm,,,,,,,,,,,,,,,,,,,,,,,,,,,,,,,X,,,,,,,,,,
Dumfries,Virginia,data.dumfriesva.gov,3/28/2023,sowdm,,,,,,,,,,,,,,,,,,,,,,,,,Added,,,,,,,,,,,,,,,,
Everett,Washington,https://data.everettwa.gov/browse?limitTo=datasets&q=police&sortBy=relevance,3/28/2023,sowdm,,,,,,,,,,,,,,,,,,,,,,,,,,,,,,,,,,,,,,,,,
Santa Monica,California,https://data.santamonica.gov/dataset?,1/17/2023,sowdm,,,,,,,,Added,,,,,,,,,,,,Added,,,,,,,,,,,,,,,,,,,,,
Grand Rapids,Michigan,https://data.grandrapidsmi.gov/browse?limitTo=datasets&q=police&sortBy=relevance,1/17/2023,sowdm,X,,,,,,,,,,,,,,,,,,,,,,,,,,,,,,,,,,,,,,,,
Howard County,Maryland,https://opendata.howardcountymd.gov/browse?limitTo=datasets&q=police&sortBy=relevance,1/17/2023,sowdm,,,,,,,,Added,,,,,,,,,,,,,,,,,,,,,,,,,,,,,,,,,
Mount Pleasant,South Carolina,https://data.tompsc.com/browse?q=police&sortBy=relevance,1/18/2023,sowdm,,,,,,,,,,,,,,,,,,,,Added,,,,,,,,,,,,,,,,,,,,,
Sonoma County,California,https://data.sonomacounty.ca.gov/browse?limitTo=datasets&q=police&sortBy=relevance,1/18/2023,sowdm,,,,,,,,Has something similar but different. Putting here for future consideration: https://data.sonomacounty.ca.gov/Public-Safety/Sonoma-County-Sheriff-s-Office-Event-Data/bpq8-s7gr,,,,,,,,,,,,Added,,,,,,,,,,,,,,,,,,,,,
Evanston,Illinois,https://data.cityofevanston.org/browse?category=Police&limitTo=datasets,4/5/2023,sowdm,,Added,,,,Added,,Added,Added,,,,,,,,,,Added,,,,,,,,,,,,Added,,,,,,,,,,
Albemarle County,Virginia,https://www.albemarle.org/government/police/virginia-community-policing-act-data/-folder-797#docan3077_4195_2473,3/6/2023,sowdm,,,,,,,,,,,,,,,,,,,,,,,,,Issue #78,,,,,,,,,,,,,,,,
Alameda County,California,https://data.acgov.org/search?collection=Dataset&tags=shr,9/18/2023,sowdm,,,,,,,,,,,,,,,,,,,,Added,,,,,,,,,,,,,,,,,,,,,
Arcata ,California,,9/18/2023,sowdm,X,,,,,,,,,,,,,,,,,,,,,,,,,,,,,,,,,,,,,,,,
Belmont,California,https://open-belmontca.opendata.arcgis.com/search?tags=safety ; https://www.belmont.gov/departments/police/transparency,9/18/2023,sowdm,X,,,,,,,,,,,,,,,,,,,,,,,,,,,,,,,,,,,,,,,,
Capitola,California,https://www.cityofcapitola.org/police/page/transparency,9/18/2023,sowdm,X,,,,,,,,,,,,,,,,,,,,,,,,,,,,,,,,,,,,,,,,
Carlsbad,California,,9/19/2023,sowdm,X,,,,,,,,,,,,,,,,,,,,,,,,,,,,,,,,,,,,,,,,
Contra Costa County,California,,9/19/2023,sowdm,X,,,,,,,,,,,,,,,,,,,,,,,,,,,,,,,,,,,,,,,,
Culver City,California,https://data.culvercity.org/browse,9/19/2023,sowdm,X,,,,,,,,,,,,,,,,,,,,,,,,,,,,,,,,,,,,,,,,
Emeryville,California,,9/19/2023,sowdm,X,,,,,,,,,,,,,,,,,,,,,,,,,,,,,,,,,,,,,,,,
Eureka,California,https://www.eurekaca.gov/407/Transparency-Portal,9/19/2023,sowdm,X,,,,,,,,,,,,,,,,,,,,,,,,,,,,,,,,,,,,,,,,
Hillsborough ,California,,9/19/2023,sowdm,X,,,,,,,,,,,,,,,,,,,,,,,,,,,,,,,,,,,,,,,,
Kern County,California,https://www.kernsheriff.org/Transparency,9/19/2023,sowdm,X,,,,,,,,,,,,,,,,,,,,,,,,,,,,,,,,,,,,,,,,
Livermore,California,https://www.livermoreca.gov/departments/police/transparency-and-information,9/19/2023,sowdm,X,,,,,,,,,,,,,,,,,,,,,,,,,,,,,,,,,,,,,,,,
Los Altos,California,https://www.losaltosca.gov/police/page/racial-and-identity-profiling-act-ripa-data,9/19/2023,sowdm,,,,,,,,,,,,,,,,,,,,,,,,,Issue #217,,,,,,,,,,,,,,,,
Marin County,California,"https://data.marincounty.org/browse?limitTo=datasets&q=sheriff&sortBy=relevance, https://www.marinsheriff.org/publications/data-statistics",9/19/2023,sowdm,,,,,,,,,,,,,,,,,,,,Added,,,,,,,,,,,,,,,,,,,,,
Mill Valley,California,https://cityofmillvalley.org/249/Transparency,9/19/2023,sowdm,X,,,,,,,,,,,,,,,,,,,,,,,,,,,,,,,,,,,,,,,,
Orange County,California,https://www.ocso.com/Office-of-the-Sheriff/Trust-Transparency-Dignity-Respect,9/19/2023,sowdm,X,,,,,,,,,,,,,,,,,,,,,,,,,,,,,,,,,,,,,,,,
Petaluma,California,"https://cityofpetaluma.org/police-department-data-statistics/, https://cityofpetaluma.org/open-data/",9/19/2023,sowdm,X,,,,,,,,,,,,,,,,,,,,,,,,,,,,,,,,,,,,,,,,
Piedmont,California,,9/19/2023,sowdm,X,,,,,,,,,,,,,,,,,,,,,,,,,,,,,,,,,,,,,,,,
Pomona,California,,9/19/2023,sowdm,X,,,,,,,,,,,,,,,,,,,,,,,,,,,,,,,,,,,,,,,,
Riverside,California,https://riversideca.gov/transparency/data/,9/19/2023,sowdm,,,,,,,,,,,,,,,,,,,,Added,,,,,,,,,,,,,,,,,,,,,
Riverside County,California,,9/19/2023,sowdm,X,,,,,,,,,,,,,,,,,,,,,,,,,,,,,,,,,,,,,,,,
Rohnert Park,California,https://www.rpcity.org/cms/One.aspx?portalId=3037873&pageId=17201582,9/19/2023,sowdm,X,,,,,,,,,,,,,,,,,,,,,,,,,,,,,,,,,,,,,,,,
Sacramento County,California,https://www.sacsheriff.com/pages/transparency.php,9/19/2023,sowdm,X,,,,,,,,,,,,,,,,,,,,,,,,,,,,,,,,,,,,,,,,
San Francisco County,California,,9/19/2023,sowdm,X,,,,,,,,,,,,,,,,,,,,,,,,,,,,,,,,,,,,,,,,
Santa Barbara,California,,9/20/2023,sowdm,X,,,,,,,,,,,,,,,,,,,,,,,,,,,,,,,,,,,,,,,,
Sonoma,California,,9/20/2023,sowdm,X,,,,,,,,,,,,,,,,,,,,,,,,,,,,,,,,,,,,,,,,
Ventura County,California,https://venturacountydatadownloads-vcitsgis.hub.arcgis.com/search?q=police,9/20/2023,sowdm,X,,,,,,,,,,,,,,,,,,,,,,,,,,,,,,,,,,,,,,,,
Windsor,California,https://opendata.citywindsor.ca/ ; https://police.windsor.on.ca/services/open-data/Pages/default.aspx,9/20/2023,sowdm,X,,,,,,,,,,,,,,,,,,,,,,,,,,,,,,,,,,,,,,,,
